Method,Job,AnalyzeLaunchVariance,EvaluateOverhead,MaxAbsoluteError,MaxRelativeError,MinInvokeCount,MinIterationTime,OutlierMode,Affinity,EnvironmentVariables,Jit,LargeAddressAware,Platform,PowerPlanMode,Runtime,AllowVeryLargeObjects,Concurrent,CpuGroups,Force,HeapAffinitizeMask,HeapCount,NoAffinitize,RetainVm,Server,Arguments,BuildConfiguration,Clock,EngineFactory,NuGetReferences,Toolchain,IsMutator,InvocationCount,IterationCount,IterationTime,LaunchCount,MaxIterationCount,MaxWarmupIterationCount,MemoryRandomization,MinIterationCount,MinWarmupIterationCount,RunStrategy,UnrollFactor,WarmupCount,Pending,Parallelism,Mean,Error,StdDev,Median,Gen0,Completed Work Items,Lock Contentions,Gen1,Gen2,Allocated
V1_WaitAndHandleSequential,DefaultJob,False,Default,Default,Default,Default,Default,Default,1111111111111111,Empty,RyuJit,Default,X64,8c5e7fda-e8bf-4a96-9a85-a6e23a8c635c,.NET 8.0,False,True,False,True,Default,Default,False,False,False,Default,Default,Default,Default,Default,Default,Default,Default,Default,Default,Default,Default,Default,Default,Default,Default,Default,16,Default,1,1,"388,392.58 ns","86,411.661 ns","246,537.332 ns","267,112.50 ns",0.0000,0.0000,0.0059,0.0000,0.0000,409 B
V2_WaitAndHandleSequential,DefaultJob,False,Default,Default,Default,Default,Default,Default,1111111111111111,Empty,RyuJit,Default,X64,8c5e7fda-e8bf-4a96-9a85-a6e23a8c635c,.NET 8.0,False,True,False,True,Default,Default,False,False,False,Default,Default,Default,Default,Default,Default,Default,Default,Default,Default,Default,Default,Default,Default,Default,Default,Default,16,Default,1,1,"414,445.78 ns","54,221.502 ns","158,166.667 ns","398,681.77 ns",0.2441,0.0000,0.0320,0.2441,0.2441,232 B
V3_WaitAndHandleSequential,DefaultJob,False,Default,Default,Default,Default,Default,Default,1111111111111111,Empty,RyuJit,Default,X64,8c5e7fda-e8bf-4a96-9a85-a6e23a8c635c,.NET 8.0,False,True,False,True,Default,Default,False,False,False,Default,Default,Default,Default,Default,Default,Default,Default,Default,Default,Default,Default,Default,Default,Default,Default,Default,16,Default,1,1,"236,066.38 ns","10,741.163 ns","30,470.893 ns","229,198.71 ns",0.0000,0.0000,0.0005,0.0000,0.0000,253 B
V4_WaitAndHandleSequential,DefaultJob,False,Default,Default,Default,Default,Default,Default,1111111111111111,Empty,RyuJit,Default,X64,8c5e7fda-e8bf-4a96-9a85-a6e23a8c635c,.NET 8.0,False,True,False,True,Default,Default,False,False,False,Default,Default,Default,Default,Default,Default,Default,Default,Default,Default,Default,Default,Default,Default,Default,Default,Default,16,Default,1,1,NA,NA,NA,NA,NA,NA,NA,NA,NA,NA
V1_HandleOnly,DefaultJob,False,Default,Default,Default,Default,Default,Default,1111111111111111,Empty,RyuJit,Default,X64,8c5e7fda-e8bf-4a96-9a85-a6e23a8c635c,.NET 8.0,False,True,False,True,Default,Default,False,False,False,Default,Default,Default,Default,Default,Default,Default,Default,Default,Default,Default,Default,Default,Default,Default,Default,Default,16,Default,1,1,"2,702.42 ns",92.812 ns,266.294 ns,"2,721.79 ns",0.0000,0.0000,0.0000,0.0000,0.0000,0 B
V2_HandleOnly,DefaultJob,False,Default,Default,Default,Default,Default,Default,1111111111111111,Empty,RyuJit,Default,X64,8c5e7fda-e8bf-4a96-9a85-a6e23a8c635c,.NET 8.0,False,True,False,True,Default,Default,False,False,False,Default,Default,Default,Default,Default,Default,Default,Default,Default,Default,Default,Default,Default,Default,Default,Default,Default,16,Default,1,1,49.87 ns,1.979 ns,5.834 ns,48.25 ns,0.0000,0.0000,0.0000,0.0000,0.0000,0 B
V3_HandleOnly,DefaultJob,False,Default,Default,Default,Default,Default,Default,1111111111111111,Empty,RyuJit,Default,X64,8c5e7fda-e8bf-4a96-9a85-a6e23a8c635c,.NET 8.0,False,True,False,True,Default,Default,False,False,False,Default,Default,Default,Default,Default,Default,Default,Default,Default,Default,Default,Default,Default,Default,Default,Default,Default,16,Default,1,1,55.68 ns,2.775 ns,8.183 ns,53.56 ns,0.0000,0.0000,0.0000,0.0000,0.0000,0 B
V4_HandleOnly,DefaultJob,False,Default,Default,Default,Default,Default,Default,1111111111111111,Empty,RyuJit,Default,X64,8c5e7fda-e8bf-4a96-9a85-a6e23a8c635c,.NET 8.0,False,True,False,True,Default,Default,False,False,False,Default,Default,Default,Default,Default,Default,Default,Default,Default,Default,Default,Default,Default,Default,Default,Default,Default,16,Default,1,1,48.23 ns,1.574 ns,4.640 ns,47.96 ns,0.0000,0.0000,0.0000,0.0000,0.0000,0 B
V1_WaitAndHandleParallel,DefaultJob,False,Default,Default,Default,Default,Default,Default,1111111111111111,Empty,RyuJit,Default,X64,8c5e7fda-e8bf-4a96-9a85-a6e23a8c635c,.NET 8.0,False,True,False,True,Default,Default,False,False,False,Default,Default,Default,Default,Default,Default,Default,Default,Default,Default,Default,Default,Default,Default,Default,Default,Default,16,Default,1,1,"9,804.80 ns",235.255 ns,682.517 ns,"9,785.18 ns",0.1831,1.0000,0.0004,0.0000,0.0000,1619 B
V2_WaitAndHandleParallel,DefaultJob,False,Default,Default,Default,Default,Default,Default,1111111111111111,Empty,RyuJit,Default,X64,8c5e7fda-e8bf-4a96-9a85-a6e23a8c635c,.NET 8.0,False,True,False,True,Default,Default,False,False,False,Default,Default,Default,Default,Default,Default,Default,Default,Default,Default,Default,Default,Default,Default,Default,Default,Default,16,Default,1,1,"1,830.08 ns",102.013 ns,289.395 ns,"1,753.77 ns",0.1926,1.0000,0.0000,0.0000,0.0000,1616 B
V3_WaitAndHandleParallel,DefaultJob,False,Default,Default,Default,Default,Default,Default,1111111111111111,Empty,RyuJit,Default,X64,8c5e7fda-e8bf-4a96-9a85-a6e23a8c635c,.NET 8.0,False,True,False,True,Default,Default,False,False,False,Default,Default,Default,Default,Default,Default,Default,Default,Default,Default,Default,Default,Default,Default,Default,Default,Default,16,Default,1,1,"2,777.27 ns",89.407 ns,259.385 ns,"2,731.65 ns",0.1907,1.0000,0.0001,0.0000,0.0000,1616 B
V4_WaitAndHandleParallel,DefaultJob,False,Default,Default,Default,Default,Default,Default,1111111111111111,Empty,RyuJit,Default,X64,8c5e7fda-e8bf-4a96-9a85-a6e23a8c635c,.NET 8.0,False,True,False,True,Default,Default,False,False,False,Default,Default,Default,Default,Default,Default,Default,Default,Default,Default,Default,Default,Default,Default,Default,Default,Default,16,Default,1,1,"2,754.39 ns",70.662 ns,203.876 ns,"2,719.53 ns",0.1907,1.0000,0.0002,0.0000,0.0000,1616 B
V2_WaitAndHandleAsync_Sequential,DefaultJob,False,Default,Default,Default,Default,Default,Default,1111111111111111,Empty,RyuJit,Default,X64,8c5e7fda-e8bf-4a96-9a85-a6e23a8c635c,.NET 8.0,False,True,False,True,Default,Default,False,False,False,Default,Default,Default,Default,Default,Default,Default,Default,Default,Default,Default,Default,Default,Default,Default,Default,Default,16,Default,1,1,144.98 ns,5.495 ns,15.677 ns,141.79 ns,0.0086,0.0000,0.0000,0.0000,0.0000,72 B
V2_WaitAndHandleAsync_Parallel,DefaultJob,False,Default,Default,Default,Default,Default,Default,1111111111111111,Empty,RyuJit,Default,X64,8c5e7fda-e8bf-4a96-9a85-a6e23a8c635c,.NET 8.0,False,True,False,True,Default,Default,False,False,False,Default,Default,Default,Default,Default,Default,Default,Default,Default,Default,Default,Default,Default,Default,Default,Default,Default,16,Default,1,1,340.36 ns,20.850 ns,61.476 ns,349.33 ns,0.0305,0.0000,0.0000,0.0000,0.0000,256 B
V1_ResponseBeforeWait,DefaultJob,False,Default,Default,Default,Default,Default,Default,1111111111111111,Empty,RyuJit,Default,X64,8c5e7fda-e8bf-4a96-9a85-a6e23a8c635c,.NET 8.0,False,True,False,True,Default,Default,False,False,False,Default,Default,Default,Default,Default,Default,Default,Default,Default,Default,Default,Default,Default,Default,Default,Default,Default,16,Default,1,1,"4,556.77 ns",262.391 ns,773.667 ns,"4,649.32 ns",0.0000,0.0000,0.0000,0.0000,0.0000,0 B
V2_ResponseBeforeWait,DefaultJob,False,Default,Default,Default,Default,Default,Default,1111111111111111,Empty,RyuJit,Default,X64,8c5e7fda-e8bf-4a96-9a85-a6e23a8c635c,.NET 8.0,False,True,False,True,Default,Default,False,False,False,Default,Default,Default,Default,Default,Default,Default,Default,Default,Default,Default,Default,Default,Default,Default,Default,Default,16,Default,1,1,95.60 ns,4.702 ns,13.864 ns,96.11 ns,0.0000,0.0000,0.0000,0.0000,0.0000,0 B
V3_ResponseBeforeWait,DefaultJob,False,Default,Default,Default,Default,Default,Default,1111111111111111,Empty,RyuJit,Default,X64,8c5e7fda-e8bf-4a96-9a85-a6e23a8c635c,.NET 8.0,False,True,False,True,Default,Default,False,False,False,Default,Default,Default,Default,Default,Default,Default,Default,Default,Default,Default,Default,Default,Default,Default,Default,Default,16,Default,1,1,89.40 ns,6.193 ns,18.260 ns,82.04 ns,0.0000,0.0000,0.0000,0.0000,0.0000,0 B
V4_ResponseBeforeWait,DefaultJob,False,Default,Default,Default,Default,Default,Default,1111111111111111,Empty,RyuJit,Default,X64,8c5e7fda-e8bf-4a96-9a85-a6e23a8c635c,.NET 8.0,False,True,False,True,Default,Default,False,False,False,Default,Default,Default,Default,Default,Default,Default,Default,Default,Default,Default,Default,Default,Default,Default,Default,Default,16,Default,1,1,94.27 ns,3.760 ns,10.788 ns,91.76 ns,0.0000,0.0000,0.0000,0.0000,0.0000,0 B
V1_Timeouts,DefaultJob,False,Default,Default,Default,Default,Default,Default,1111111111111111,Empty,RyuJit,Default,X64,8c5e7fda-e8bf-4a96-9a85-a6e23a8c635c,.NET 8.0,False,True,False,True,Default,Default,False,False,False,Default,Default,Default,Default,Default,Default,Default,Default,Default,Default,Default,Default,Default,Default,Default,Default,Default,16,Default,1,1,"15,451,978.80 ns","40,411.009 ns","37,800.483 ns","15,448,163.28 ns",0.0000,0.0000,0.0000,0.0000,0.0000,458 B
V2_Timeouts,DefaultJob,False,Default,Default,Default,Default,Default,Default,1111111111111111,Empty,RyuJit,Default,X64,8c5e7fda-e8bf-4a96-9a85-a6e23a8c635c,.NET 8.0,False,True,False,True,Default,Default,False,False,False,Default,Default,Default,Default,Default,Default,Default,Default,Default,Default,Default,Default,Default,Default,Default,Default,Default,16,Default,1,1,"15,436,466.98 ns","62,119.245 ns","58,106.380 ns","15,417,343.75 ns",0.0000,0.0000,0.0000,0.0000,0.0000,458 B
V3_Timeouts,DefaultJob,False,Default,Default,Default,Default,Default,Default,1111111111111111,Empty,RyuJit,Default,X64,8c5e7fda-e8bf-4a96-9a85-a6e23a8c635c,.NET 8.0,False,True,False,True,Default,Default,False,False,False,Default,Default,Default,Default,Default,Default,Default,Default,Default,Default,Default,Default,Default,Default,Default,Default,Default,16,Default,1,1,"15,378,629.17 ns","78,921.110 ns","73,822.856 ns","15,389,057.81 ns",0.0000,0.0000,0.0000,0.0000,0.0000,453 B
V4_Timeouts,DefaultJob,False,Default,Default,Default,Default,Default,Default,1111111111111111,Empty,RyuJit,Default,X64,8c5e7fda-e8bf-4a96-9a85-a6e23a8c635c,.NET 8.0,False,True,False,True,Default,Default,False,False,False,Default,Default,Default,Default,Default,Default,Default,Default,Default,Default,Default,Default,Default,Default,Default,Default,Default,16,Default,1,1,"15,415,961.77 ns","89,024.123 ns","83,273.220 ns","15,392,404.69 ns",0.0000,0.0000,0.0000,0.0000,0.0000,458 B
V1_WaitAndHandleSequential,DefaultJob,False,Default,Default,Default,Default,Default,Default,1111111111111111,Empty,RyuJit,Default,X64,8c5e7fda-e8bf-4a96-9a85-a6e23a8c635c,.NET 8.0,False,True,False,True,Default,Default,False,False,False,Default,Default,Default,Default,Default,Default,Default,Default,Default,Default,Default,Default,Default,Default,Default,Default,Default,16,Default,1,4,"373,472.85 ns","28,677.740 ns","83,199.325 ns","375,966.99 ns",0.9766,0.0000,0.0313,0.0000,0.0000,408 B
V2_WaitAndHandleSequential,DefaultJob,False,Default,Default,Default,Default,Default,Default,1111111111111111,Empty,RyuJit,Default,X64,8c5e7fda-e8bf-4a96-9a85-a6e23a8c635c,.NET 8.0,False,True,False,True,Default,Default,False,False,False,Default,Default,Default,Default,Default,Default,Default,Default,Default,Default,Default,Default,Default,Default,Default,Default,Default,16,Default,1,4,"204,568.60 ns","7,275.574 ns","20,639.592 ns","200,459.81 ns",0.2441,0.0000,0.0066,0.2441,0.2441,232 B
V3_WaitAndHandleSequential,DefaultJob,False,Default,Default,Default,Default,Default,Default,1111111111111111,Empty,RyuJit,Default,X64,8c5e7fda-e8bf-4a96-9a85-a6e23a8c635c,.NET 8.0,False,True,False,True,Default,Default,False,False,False,Default,Default,Default,Default,Default,Default,Default,Default,Default,Default,Default,Default,Default,Default,Default,Default,Default,16,Default,1,4,"229,784.35 ns","12,567.267 ns","34,823.838 ns","222,702.61 ns",0.2441,0.0000,0.0000,0.2441,0.2441,234 B
V4_WaitAndHandleSequential,DefaultJob,False,Default,Default,Default,Default,Default,Default,1111111111111111,Empty,RyuJit,Default,X64,8c5e7fda-e8bf-4a96-9a85-a6e23a8c635c,.NET 8.0,False,True,False,True,Default,Default,False,False,False,Default,Default,Default,Default,Default,Default,Default,Default,Default,Default,Default,Default,Default,Default,Default,Default,Default,16,Default,1,4,"178,701.96 ns","5,047.456 ns","14,563.065 ns","174,084.52 ns",0.2441,0.0000,0.0007,0.2441,0.2441,236 B
V1_HandleOnly,DefaultJob,False,Default,Default,Default,Default,Default,Default,1111111111111111,Empty,RyuJit,Default,X64,8c5e7fda-e8bf-4a96-9a85-a6e23a8c635c,.NET 8.0,False,True,False,True,Default,Default,False,False,False,Default,Default,Default,Default,Default,Default,Default,Default,Default,Default,Default,Default,Default,Default,Default,Default,Default,16,Default,1,4,"2,008.41 ns",39.670 ns,40.738 ns,"2,001.81 ns",0.0000,0.0000,0.0000,0.0000,0.0000,0 B
V2_HandleOnly,DefaultJob,False,Default,Default,Default,Default,Default,Default,1111111111111111,Empty,RyuJit,Default,X64,8c5e7fda-e8bf-4a96-9a85-a6e23a8c635c,.NET 8.0,False,True,False,True,Default,Default,False,False,False,Default,Default,Default,Default,Default,Default,Default,Default,Default,Default,Default,Default,Default,Default,Default,Default,Default,16,Default,1,4,40.04 ns,0.766 ns,1.744 ns,39.64 ns,0.0000,0.0000,0.0000,0.0000,0.0000,0 B
V3_HandleOnly,DefaultJob,False,Default,Default,Default,Default,Default,Default,1111111111111111,Empty,RyuJit,Default,X64,8c5e7fda-e8bf-4a96-9a85-a6e23a8c635c,.NET 8.0,False,True,False,True,Default,Default,False,False,False,Default,Default,Default,Default,Default,Default,Default,Default,Default,Default,Default,Default,Default,Default,Default,Default,Default,16,Default,1,4,40.41 ns,0.816 ns,1.629 ns,40.23 ns,0.0000,0.0000,0.0000,0.0000,0.0000,0 B
V4_HandleOnly,DefaultJob,False,Default,Default,Default,Default,Default,Default,1111111111111111,Empty,RyuJit,Default,X64,8c5e7fda-e8bf-4a96-9a85-a6e23a8c635c,.NET 8.0,False,True,False,True,Default,Default,False,False,False,Default,Default,Default,Default,Default,Default,Default,Default,Default,Default,Default,Default,Default,Default,Default,Default,Default,16,Default,1,4,42.32 ns,1.024 ns,3.004 ns,41.59 ns,0.0000,0.0000,0.0000,0.0000,0.0000,0 B
V1_WaitAndHandleParallel,DefaultJob,False,Default,Default,Default,Default,Default,Default,1111111111111111,Empty,RyuJit,Default,X64,8c5e7fda-e8bf-4a96-9a85-a6e23a8c635c,.NET 8.0,False,True,False,True,Default,Default,False,False,False,Default,Default,Default,Default,Default,Default,Default,Default,Default,Default,Default,Default,Default,Default,Default,Default,Default,16,Default,1,4,"6,875.37 ns",201.852 ns,575.896 ns,"6,741.96 ns",0.2289,3.0095,0.0003,0.0000,0.0000,1939 B
V2_WaitAndHandleParallel,DefaultJob,False,Default,Default,Default,Default,Default,Default,1111111111111111,Empty,RyuJit,Default,X64,8c5e7fda-e8bf-4a96-9a85-a6e23a8c635c,.NET 8.0,False,True,False,True,Default,Default,False,False,False,Default,Default,Default,Default,Default,Default,Default,Default,Default,Default,Default,Default,Default,Default,Default,Default,Default,16,Default,1,4,"2,521.82 ns",90.588 ns,258.453 ns,"2,453.75 ns",0.2327,3.0160,0.0000,0.0000,0.0000,1939 B
V3_WaitAndHandleParallel,DefaultJob,False,Default,Default,Default,Default,Default,Default,1111111111111111,Empty,RyuJit,Default,X64,8c5e7fda-e8bf-4a96-9a85-a6e23a8c635c,.NET 8.0,False,True,False,True,Default,Default,False,False,False,Default,Default,Default,Default,Default,Default,Default,Default,Default,Default,Default,Default,Default,Default,Default,Default,Default,16,Default,1,4,"2,544.18 ns",79.303 ns,227.535 ns,"2,481.11 ns",0.2327,3.0143,0.0001,0.0000,0.0000,1939 B
V4_WaitAndHandleParallel,DefaultJob,False,Default,Default,Default,Default,Default,Default,1111111111111111,Empty,RyuJit,Default,X64,8c5e7fda-e8bf-4a96-9a85-a6e23a8c635c,.NET 8.0,False,True,False,True,Default,Default,False,False,False,Default,Default,Default,Default,Default,Default,Default,Default,Default,Default,Default,Default,Default,Default,Default,Default,Default,16,Default,1,4,"2,542.30 ns",69.458 ns,197.040 ns,"2,501.25 ns",0.2289,3.0085,0.0002,0.0000,0.0000,1938 B
V2_WaitAndHandleAsync_Sequential,DefaultJob,False,Default,Default,Default,Default,Default,Default,1111111111111111,Empty,RyuJit,Default,X64,8c5e7fda-e8bf-4a96-9a85-a6e23a8c635c,.NET 8.0,False,True,False,True,Default,Default,False,False,False,Default,Default,Default,Default,Default,Default,Default,Default,Default,Default,Default,Default,Default,Default,Default,Default,Default,16,Default,1,4,91.99 ns,2.081 ns,6.070 ns,90.93 ns,0.0086,0.0000,0.0000,0.0000,0.0000,72 B
V2_WaitAndHandleAsync_Parallel,DefaultJob,False,Default,Default,Default,Default,Default,Default,1111111111111111,Empty,RyuJit,Default,X64,8c5e7fda-e8bf-4a96-9a85-a6e23a8c635c,.NET 8.0,False,True,False,True,Default,Default,False,False,False,Default,Default,Default,Default,Default,Default,Default,Default,Default,Default,Default,Default,Default,Default,Default,Default,Default,16,Default,1,4,209.58 ns,4.750 ns,13.855 ns,206.61 ns,0.0305,0.0000,0.0000,0.0000,0.0000,256 B
V1_ResponseBeforeWait,DefaultJob,False,Default,Default,Default,Default,Default,Default,1111111111111111,Empty,RyuJit,Default,X64,8c5e7fda-e8bf-4a96-9a85-a6e23a8c635c,.NET 8.0,False,True,False,True,Default,Default,False,False,False,Default,Default,Default,Default,Default,Default,Default,Default,Default,Default,Default,Default,Default,Default,Default,Default,Default,16,Default,1,4,"3,094.41 ns",94.881 ns,256.517 ns,"3,016.89 ns",0.0000,0.0000,0.0000,0.0000,0.0000,0 B
V2_ResponseBeforeWait,DefaultJob,False,Default,Default,Default,Default,Default,Default,1111111111111111,Empty,RyuJit,Default,X64,8c5e7fda-e8bf-4a96-9a85-a6e23a8c635c,.NET 8.0,False,True,False,True,Default,Default,False,False,False,Default,Default,Default,Default,Default,Default,Default,Default,Default,Default,Default,Default,Default,Default,Default,Default,Default,16,Default,1,4,57.76 ns,0.815 ns,0.906 ns,57.80 ns,0.0000,0.0000,0.0000,0.0000,0.0000,0 B
V3_ResponseBeforeWait,DefaultJob,False,Default,Default,Default,Default,Default,Default,1111111111111111,Empty,RyuJit,Default,X64,8c5e7fda-e8bf-4a96-9a85-a6e23a8c635c,.NET 8.0,False,True,False,True,Default,Default,False,False,False,Default,Default,Default,Default,Default,Default,Default,Default,Default,Default,Default,Default,Default,Default,Default,Default,Default,16,Default,1,4,66.00 ns,1.326 ns,1.629 ns,65.81 ns,0.0000,0.0000,0.0000,0.0000,0.0000,0 B
V4_ResponseBeforeWait,DefaultJob,False,Default,Default,Default,Default,Default,Default,1111111111111111,Empty,RyuJit,Default,X64,8c5e7fda-e8bf-4a96-9a85-a6e23a8c635c,.NET 8.0,False,True,False,True,Default,Default,False,False,False,Default,Default,Default,Default,Default,Default,Default,Default,Default,Default,Default,Default,Default,Default,Default,Default,Default,16,Default,1,4,79.68 ns,1.616 ns,1.660 ns,79.50 ns,0.0000,0.0000,0.0000,0.0000,0.0000,0 B
V1_Timeouts,DefaultJob,False,Default,Default,Default,Default,Default,Default,1111111111111111,Empty,RyuJit,Default,X64,8c5e7fda-e8bf-4a96-9a85-a6e23a8c635c,.NET 8.0,False,True,False,True,Default,Default,False,False,False,Default,Default,Default,Default,Default,Default,Default,Default,Default,Default,Default,Default,Default,Default,Default,Default,Default,16,Default,1,4,"15,476,799.69 ns","54,673.001 ns","51,141.159 ns","15,479,537.50 ns",0.0000,0.0000,0.0000,0.0000,0.0000,458 B
V2_Timeouts,DefaultJob,False,Default,Default,Default,Default,Default,Default,1111111111111111,Empty,RyuJit,Default,X64,8c5e7fda-e8bf-4a96-9a85-a6e23a8c635c,.NET 8.0,False,True,False,True,Default,Default,False,False,False,Default,Default,Default,Default,Default,Default,Default,Default,Default,Default,Default,Default,Default,Default,Default,Default,Default,16,Default,1,4,"15,414,701.68 ns","49,637.227 ns","41,449.333 ns","15,430,918.75 ns",0.0000,0.0000,0.0000,0.0000,0.0000,458 B
V3_Timeouts,DefaultJob,False,Default,Default,Default,Default,Default,Default,1111111111111111,Empty,RyuJit,Default,X64,8c5e7fda-e8bf-4a96-9a85-a6e23a8c635c,.NET 8.0,False,True,False,True,Default,Default,False,False,False,Default,Default,Default,Default,Default,Default,Default,Default,Default,Default,Default,Default,Default,Default,Default,Default,Default,16,Default,1,4,"15,435,667.55 ns","81,051.376 ns","75,815.507 ns","15,430,400.78 ns",0.0000,0.0000,0.0000,0.0000,0.0000,458 B
V4_Timeouts,DefaultJob,False,Default,Default,Default,Default,Default,Default,1111111111111111,Empty,RyuJit,Default,X64,8c5e7fda-e8bf-4a96-9a85-a6e23a8c635c,.NET 8.0,False,True,False,True,Default,Default,False,False,False,Default,Default,Default,Default,Default,Default,Default,Default,Default,Default,Default,Default,Default,Default,Default,Default,Default,16,Default,1,4,"15,478,520.00 ns","71,320.743 ns","66,713.468 ns","15,475,723.44 ns",0.0000,0.0000,0.0000,0.0000,0.0000,458 B
V1_WaitAndHandleSequential,DefaultJob,False,Default,Default,Default,Default,Default,Default,1111111111111111,Empty,RyuJit,Default,X64,8c5e7fda-e8bf-4a96-9a85-a6e23a8c635c,.NET 8.0,False,True,False,True,Default,Default,False,False,False,Default,Default,Default,Default,Default,Default,Default,Default,Default,Default,Default,Default,Default,Default,Default,Default,Default,16,Default,1,16,"201,516.54 ns","6,202.314 ns","17,895.095 ns","198,270.43 ns",0.9766,0.0000,0.0042,0.2441,0.2441,408 B
V2_WaitAndHandleSequential,DefaultJob,False,Default,Default,Default,Default,Default,Default,1111111111111111,Empty,RyuJit,Default,X64,8c5e7fda-e8bf-4a96-9a85-a6e23a8c635c,.NET 8.0,False,True,False,True,Default,Default,False,False,False,Default,Default,Default,Default,Default,Default,Default,Default,Default,Default,Default,Default,Default,Default,Default,Default,Default,16,Default,1,16,"186,161.92 ns","6,707.648 ns","19,672.370 ns","181,924.19 ns",0.2441,0.0000,0.0112,0.2441,0.2441,232 B
V3_WaitAndHandleSequential,DefaultJob,False,Default,Default,Default,Default,Default,Default,1111111111111111,Empty,RyuJit,Default,X64,8c5e7fda-e8bf-4a96-9a85-a6e23a8c635c,.NET 8.0,False,True,False,True,Default,Default,False,False,False,Default,Default,Default,Default,Default,Default,Default,Default,Default,Default,Default,Default,Default,Default,Default,Default,Default,16,Default,1,16,"172,206.60 ns","3,364.618 ns","5,803.801 ns","172,592.64 ns",0.2441,0.0000,0.0000,0.2441,0.2441,234 B
V4_WaitAndHandleSequential,DefaultJob,False,Default,Default,Default,Default,Default,Default,1111111111111111,Empty,RyuJit,Default,X64,8c5e7fda-e8bf-4a96-9a85-a6e23a8c635c,.NET 8.0,False,True,False,True,Default,Default,False,False,False,Default,Default,Default,Default,Default,Default,Default,Default,Default,Default,Default,Default,Default,Default,Default,Default,Default,16,Default,1,16,"173,384.17 ns","3,349.575 ns","7,628.678 ns","172,036.05 ns",0.2441,0.0000,0.0017,0.2441,0.2441,237 B
V1_HandleOnly,DefaultJob,False,Default,Default,Default,Default,Default,Default,1111111111111111,Empty,RyuJit,Default,X64,8c5e7fda-e8bf-4a96-9a85-a6e23a8c635c,.NET 8.0,False,True,False,True,Default,Default,False,False,False,Default,Default,Default,Default,Default,Default,Default,Default,Default,Default,Default,Default,Default,Default,Default,Default,Default,16,Default,1,16,"2,068.65 ns",50.066 ns,142.028 ns,"2,023.35 ns",0.0000,0.0000,0.0000,0.0000,0.0000,0 B
V2_HandleOnly,DefaultJob,False,Default,Default,Default,Default,Default,Default,1111111111111111,Empty,RyuJit,Default,X64,8c5e7fda-e8bf-4a96-9a85-a6e23a8c635c,.NET 8.0,False,True,False,True,Default,Default,False,False,False,Default,Default,Default,Default,Default,Default,Default,Default,Default,Default,Default,Default,Default,Default,Default,Default,Default,16,Default,1,16,47.29 ns,2.623 ns,7.356 ns,45.59 ns,0.0000,0.0000,0.0000,0.0000,0.0000,0 B
V3_HandleOnly,DefaultJob,False,Default,Default,Default,Default,Default,Default,1111111111111111,Empty,RyuJit,Default,X64,8c5e7fda-e8bf-4a96-9a85-a6e23a8c635c,.NET 8.0,False,True,False,True,Default,Default,False,False,False,Default,Default,Default,Default,Default,Default,Default,Default,Default,Default,Default,Default,Default,Default,Default,Default,Default,16,Default,1,16,41.19 ns,0.865 ns,2.107 ns,40.74 ns,0.0000,0.0000,0.0000,0.0000,0.0000,0 B
V4_HandleOnly,DefaultJob,False,Default,Default,Default,Default,Default,Default,1111111111111111,Empty,RyuJit,Default,X64,8c5e7fda-e8bf-4a96-9a85-a6e23a8c635c,.NET 8.0,False,True,False,True,Default,Default,False,False,False,Default,Default,Default,Default,Default,Default,Default,Default,Default,Default,Default,Default,Default,Default,Default,Default,Default,16,Default,1,16,55.26 ns,4.621 ns,13.625 ns,51.56 ns,0.0000,0.0000,0.0000,0.0000,0.0000,0 B
V1_WaitAndHandleParallel,DefaultJob,False,Default,Default,Default,Default,Default,Default,1111111111111111,Empty,RyuJit,Default,X64,8c5e7fda-e8bf-4a96-9a85-a6e23a8c635c,.NET 8.0,False,True,False,True,Default,Default,False,False,False,Default,Default,Default,Default,Default,Default,Default,Default,Default,Default,Default,Default,Default,Default,Default,Default,Default,16,Default,1,16,"7,670.45 ns",334.676 ns,932.943 ns,"7,474.78 ns",0.2289,3.0120,0.0004,0.0000,0.0000,1939 B
V2_WaitAndHandleParallel,DefaultJob,False,Default,Default,Default,Default,Default,Default,1111111111111111,Empty,RyuJit,Default,X64,8c5e7fda-e8bf-4a96-9a85-a6e23a8c635c,.NET 8.0,False,True,False,True,Default,Default,False,False,False,Default,Default,Default,Default,Default,Default,Default,Default,Default,Default,Default,Default,Default,Default,Default,Default,Default,16,Default,1,16,"2,764.68 ns",68.914 ns,199.931 ns,"2,736.62 ns",0.2289,3.0174,0.0000,0.0000,0.0000,1939 B
V3_WaitAndHandleParallel,DefaultJob,False,Default,Default,Default,Default,Default,Default,1111111111111111,Empty,RyuJit,Default,X64,8c5e7fda-e8bf-4a96-9a85-a6e23a8c635c,.NET 8.0,False,True,False,True,Default,Default,False,False,False,Default,Default,Default,Default,Default,Default,Default,Default,Default,Default,Default,Default,Default,Default,Default,Default,Default,16,Default,1,16,"2,526.40 ns",50.353 ns,131.764 ns,"2,505.36 ns",0.2289,3.0124,0.0000,0.0000,0.0000,1938 B
V4_WaitAndHandleParallel,DefaultJob,False,Default,Default,Default,Default,Default,Default,1111111111111111,Empty,RyuJit,Default,X64,8c5e7fda-e8bf-4a96-9a85-a6e23a8c635c,.NET 8.0,False,True,False,True,Default,Default,False,False,False,Default,Default,Default,Default,Default,Default,Default,Default,Default,Default,Default,Default,Default,Default,Default,Default,Default,16,Default,1,16,"2,758.94 ns",99.323 ns,275.222 ns,"2,729.50 ns",0.2289,3.0169,0.0005,0.0000,0.0000,1939 B
V2_WaitAndHandleAsync_Sequential,DefaultJob,False,Default,Default,Default,Default,Default,Default,1111111111111111,Empty,RyuJit,Default,X64,8c5e7fda-e8bf-4a96-9a85-a6e23a8c635c,.NET 8.0,False,True,False,True,Default,Default,False,False,False,Default,Default,Default,Default,Default,Default,Default,Default,Default,Default,Default,Default,Default,Default,Default,Default,Default,16,Default,1,16,95.96 ns,2.222 ns,6.231 ns,94.63 ns,0.0086,0.0000,0.0000,0.0000,0.0000,72 B
V2_WaitAndHandleAsync_Parallel,DefaultJob,False,Default,Default,Default,Default,Default,Default,1111111111111111,Empty,RyuJit,Default,X64,8c5e7fda-e8bf-4a96-9a85-a6e23a8c635c,.NET 8.0,False,True,False,True,Default,Default,False,False,False,Default,Default,Default,Default,Default,Default,Default,Default,Default,Default,Default,Default,Default,Default,Default,Default,Default,16,Default,1,16,338.61 ns,22.526 ns,66.419 ns,360.58 ns,0.0305,0.0000,0.0000,0.0000,0.0000,256 B
V1_ResponseBeforeWait,DefaultJob,False,Default,Default,Default,Default,Default,Default,1111111111111111,Empty,RyuJit,Default,X64,8c5e7fda-e8bf-4a96-9a85-a6e23a8c635c,.NET 8.0,False,True,False,True,Default,Default,False,False,False,Default,Default,Default,Default,Default,Default,Default,Default,Default,Default,Default,Default,Default,Default,Default,Default,Default,16,Default,1,16,"4,797.52 ns",121.203 ns,355.467 ns,"4,740.79 ns",0.0000,0.0000,0.0000,0.0000,0.0000,0 B
V2_ResponseBeforeWait,DefaultJob,False,Default,Default,Default,Default,Default,Default,1111111111111111,Empty,RyuJit,Default,X64,8c5e7fda-e8bf-4a96-9a85-a6e23a8c635c,.NET 8.0,False,True,False,True,Default,Default,False,False,False,Default,Default,Default,Default,Default,Default,Default,Default,Default,Default,Default,Default,Default,Default,Default,Default,Default,16,Default,1,16,92.50 ns,3.422 ns,9.927 ns,93.54 ns,0.0000,0.0000,0.0000,0.0000,0.0000,0 B
V3_ResponseBeforeWait,DefaultJob,False,Default,Default,Default,Default,Default,Default,1111111111111111,Empty,RyuJit,Default,X64,8c5e7fda-e8bf-4a96-9a85-a6e23a8c635c,.NET 8.0,False,True,False,True,Default,Default,False,False,False,Default,Default,Default,Default,Default,Default,Default,Default,Default,Default,Default,Default,Default,Default,Default,Default,Default,16,Default,1,16,103.09 ns,5.841 ns,17.223 ns,101.47 ns,0.0000,0.0000,0.0000,0.0000,0.0000,0 B
V4_ResponseBeforeWait,DefaultJob,False,Default,Default,Default,Default,Default,Default,1111111111111111,Empty,RyuJit,Default,X64,8c5e7fda-e8bf-4a96-9a85-a6e23a8c635c,.NET 8.0,False,True,False,True,Default,Default,False,False,False,Default,Default,Default,Default,Default,Default,Default,Default,Default,Default,Default,Default,Default,Default,Default,Default,Default,16,Default,1,16,99.06 ns,5.998 ns,17.401 ns,94.03 ns,0.0000,0.0000,0.0000,0.0000,0.0000,0 B
V1_Timeouts,DefaultJob,False,Default,Default,Default,Default,Default,Default,1111111111111111,Empty,RyuJit,Default,X64,8c5e7fda-e8bf-4a96-9a85-a6e23a8c635c,.NET 8.0,False,True,False,True,Default,Default,False,False,False,Default,Default,Default,Default,Default,Default,Default,Default,Default,Default,Default,Default,Default,Default,Default,Default,Default,16,Default,1,16,"15,393,185.94 ns","70,419.609 ns","65,870.546 ns","15,394,592.19 ns",0.0000,0.0000,0.0000,0.0000,0.0000,458 B
V2_Timeouts,DefaultJob,False,Default,Default,Default,Default,Default,Default,1111111111111111,Empty,RyuJit,Default,X64,8c5e7fda-e8bf-4a96-9a85-a6e23a8c635c,.NET 8.0,False,True,False,True,Default,Default,False,False,False,Default,Default,Default,Default,Default,Default,Default,Default,Default,Default,Default,Default,Default,Default,Default,Default,Default,16,Default,1,16,"15,372,422.08 ns","50,646.499 ns","47,374.766 ns","15,381,239.06 ns",0.0000,0.0000,0.0000,0.0000,0.0000,458 B
V3_Timeouts,DefaultJob,False,Default,Default,Default,Default,Default,Default,1111111111111111,Empty,RyuJit,Default,X64,8c5e7fda-e8bf-4a96-9a85-a6e23a8c635c,.NET 8.0,False,True,False,True,Default,Default,False,False,False,Default,Default,Default,Default,Default,Default,Default,Default,Default,Default,Default,Default,Default,Default,Default,Default,Default,16,Default,1,16,"15,345,544.58 ns","67,926.388 ns","63,538.386 ns","15,351,237.50 ns",0.0000,0.0000,0.0000,0.0000,0.0000,453 B
V4_Timeouts,DefaultJob,False,Default,Default,Default,Default,Default,Default,1111111111111111,Empty,RyuJit,Default,X64,8c5e7fda-e8bf-4a96-9a85-a6e23a8c635c,.NET 8.0,False,True,False,True,Default,Default,False,False,False,Default,Default,Default,Default,Default,Default,Default,Default,Default,Default,Default,Default,Default,Default,Default,Default,Default,16,Default,1,16,"15,417,136.67 ns","71,607.857 ns","66,982.034 ns","15,442,423.44 ns",0.0000,0.0000,0.0000,0.0000,0.0000,458 B
V1_WaitAndHandleSequential,DefaultJob,False,Default,Default,Default,Default,Default,Default,1111111111111111,Empty,RyuJit,Default,X64,8c5e7fda-e8bf-4a96-9a85-a6e23a8c635c,.NET 8.0,False,True,False,True,Default,Default,False,False,False,Default,Default,Default,Default,Default,Default,Default,Default,Default,Default,Default,Default,Default,Default,Default,Default,Default,16,Default,10,1,"2,030,150.47 ns","52,516.899 ns","149,833.669 ns","2,012,274.22 ns",7.8125,0.0000,1.9336,0.0000,0.0000,4082 B
V2_WaitAndHandleSequential,DefaultJob,False,Default,Default,Default,Default,Default,Default,1111111111111111,Empty,RyuJit,Default,X64,8c5e7fda-e8bf-4a96-9a85-a6e23a8c635c,.NET 8.0,False,True,False,True,Default,Default,False,False,False,Default,Default,Default,Default,Default,Default,Default,Default,Default,Default,Default,Default,Default,Default,Default,Default,Default,16,Default,10,1,"1,997,540.51 ns","63,479.307 ns","183,152.315 ns","1,926,996.48 ns",0.0000,0.0000,0.1133,0.0000,0.0000,2322 B
V3_WaitAndHandleSequential,DefaultJob,False,Default,Default,Default,Default,Default,Default,1111111111111111,Empty,RyuJit,Default,X64,8c5e7fda-e8bf-4a96-9a85-a6e23a8c635c,.NET 8.0,False,True,False,True,Default,Default,False,False,False,Default,Default,Default,Default,Default,Default,Default,Default,Default,Default,Default,Default,Default,Default,Default,Default,Default,16,Default,10,1,"2,970,197.69 ns","348,028.995 ns","975,910.615 ns","2,802,105.27 ns",0.0000,0.0000,0.0000,0.0000,0.0000,2346 B
V4_WaitAndHandleSequential,DefaultJob,False,Default,Default,Default,Default,Default,Default,1111111111111111,Empty,RyuJit,Default,X64,8c5e7fda-e8bf-4a96-9a85-a6e23a8c635c,.NET 8.0,False,True,False,True,Default,Default,False,False,False,Default,Default,Default,Default,Default,Default,Default,Default,Default,Default,Default,Default,Default,Default,Default,Default,Default,16,Default,10,1,"2,118,853.90 ns","63,139.841 ns","179,117.220 ns","2,093,569.53 ns",0.0000,0.0000,0.6953,0.0000,0.0000,2574 B
V1_HandleOnly,DefaultJob,False,Default,Default,Default,Default,Default,Default,1111111111111111,Empty,RyuJit,Default,X64,8c5e7fda-e8bf-4a96-9a85-a6e23a8c635c,.NET 8.0,False,True,False,True,Default,Default,False,False,False,Default,Default,Default,Default,Default,Default,Default,Default,Default,Default,Default,Default,Default,Default,Default,Default,Default,16,Default,10,1,"23,815.99 ns",858.100 ns,"2,349.034 ns","23,535.11 ns",0.0000,0.0000,0.0000,0.0000,0.0000,0 B
V2_HandleOnly,DefaultJob,False,Default,Default,Default,Default,Default,Default,1111111111111111,Empty,RyuJit,Default,X64,8c5e7fda-e8bf-4a96-9a85-a6e23a8c635c,.NET 8.0,False,True,False,True,Default,Default,False,False,False,Default,Default,Default,Default,Default,Default,Default,Default,Default,Default,Default,Default,Default,Default,Default,Default,Default,16,Default,10,1,683.71 ns,33.178 ns,97.825 ns,736.16 ns,0.0000,0.0000,0.0000,0.0000,0.0000,0 B
V3_HandleOnly,DefaultJob,False,Default,Default,Default,Default,Default,Default,1111111111111111,Empty,RyuJit,Default,X64,8c5e7fda-e8bf-4a96-9a85-a6e23a8c635c,.NET 8.0,False,True,False,True,Default,Default,False,False,False,Default,Default,Default,Default,Default,Default,Default,Default,Default,Default,Default,Default,Default,Default,Default,Default,Default,16,Default,10,1,573.45 ns,34.160 ns,100.721 ns,573.18 ns,0.0000,0.0000,0.0000,0.0000,0.0000,0 B
V4_HandleOnly,DefaultJob,False,Default,Default,Default,Default,Default,Default,1111111111111111,Empty,RyuJit,Default,X64,8c5e7fda-e8bf-4a96-9a85-a6e23a8c635c,.NET 8.0,False,True,False,True,Default,Default,False,False,False,Default,Default,Default,Default,Default,Default,Default,Default,Default,Default,Default,Default,Default,Default,Default,Default,Default,16,Default,10,1,475.70 ns,14.411 ns,42.492 ns,466.70 ns,0.0000,0.0000,0.0000,0.0000,0.0000,0 B
V1_WaitAndHandleParallel,DefaultJob,False,Default,Default,Default,Default,Default,Default,1111111111111111,Empty,RyuJit,Default,X64,8c5e7fda-e8bf-4a96-9a85-a6e23a8c635c,.NET 8.0,False,True,False,True,Default,Default,False,False,False,Default,Default,Default,Default,Default,Default,Default,Default,Default,Default,Default,Default,Default,Default,Default,Default,Default,16,Default,10,1,"94,401.55 ns","2,208.752 ns","6,407.991 ns","93,986.22 ns",0.3662,10.0000,0.0078,0.0000,0.0000,3203 B
V2_WaitAndHandleParallel,DefaultJob,False,Default,Default,Default,Default,Default,Default,1111111111111111,Empty,RyuJit,Default,X64,8c5e7fda-e8bf-4a96-9a85-a6e23a8c635c,.NET 8.0,False,True,False,True,Default,Default,False,False,False,Default,Default,Default,Default,Default,Default,Default,Default,Default,Default,Default,Default,Default,Default,Default,Default,Default,16,Default,10,1,"14,439.00 ns",690.638 ns,"2,025.521 ns","14,398.94 ns",0.3662,10.0000,0.0008,0.0000,0.0000,3184 B
V3_WaitAndHandleParallel,DefaultJob,False,Default,Default,Default,Default,Default,Default,1111111111111111,Empty,RyuJit,Default,X64,8c5e7fda-e8bf-4a96-9a85-a6e23a8c635c,.NET 8.0,False,True,False,True,Default,Default,False,False,False,Default,Default,Default,Default,Default,Default,Default,Default,Default,Default,Default,Default,Default,Default,Default,Default,Default,16,Default,10,1,"15,712.20 ns",519.747 ns,"1,499.589 ns","15,948.90 ns",0.3662,10.0000,0.0007,0.0000,0.0000,3186 B
V4_WaitAndHandleParallel,DefaultJob,False,Default,Default,Default,Default,Default,Default,1111111111111111,Empty,RyuJit,Default,X64,8c5e7fda-e8bf-4a96-9a85-a6e23a8c635c,.NET 8.0,False,True,False,True,Default,Default,False,False,False,Default,Default,Default,Default,Default,Default,Default,Default,Default,Default,Default,Default,Default,Default,Default,Default,Default,16,Default,10,1,"13,468.05 ns",337.832 ns,980.111 ns,"13,233.27 ns",0.3815,10.0000,0.0035,0.0000,0.0000,3185 B
V2_WaitAndHandleAsync_Sequential,DefaultJob,False,Default,Default,Default,Default,Default,Default,1111111111111111,Empty,RyuJit,Default,X64,8c5e7fda-e8bf-4a96-9a85-a6e23a8c635c,.NET 8.0,False,True,False,True,Default,Default,False,False,False,Default,Default,Default,Default,Default,Default,Default,Default,Default,Default,Default,Default,Default,Default,Default,Default,Default,16,Default,10,1,939.32 ns,36.160 ns,103.168 ns,908.91 ns,0.0858,0.0000,0.0000,0.0000,0.0000,720 B
V2_WaitAndHandleAsync_Parallel,DefaultJob,False,Default,Default,Default,Default,Default,Default,1111111111111111,Empty,RyuJit,Default,X64,8c5e7fda-e8bf-4a96-9a85-a6e23a8c635c,.NET 8.0,False,True,False,True,Default,Default,False,False,False,Default,Default,Default,Default,Default,Default,Default,Default,Default,Default,Default,Default,Default,Default,Default,Default,Default,16,Default,10,1,"1,216.58 ns",26.552 ns,73.576 ns,"1,200.05 ns",0.1335,0.0000,0.0000,0.0000,0.0000,1120 B
V1_ResponseBeforeWait,DefaultJob,False,Default,Default,Default,Default,Default,Default,1111111111111111,Empty,RyuJit,Default,X64,8c5e7fda-e8bf-4a96-9a85-a6e23a8c635c,.NET 8.0,False,True,False,True,Default,Default,False,False,False,Default,Default,Default,Default,Default,Default,Default,Default,Default,Default,Default,Default,Default,Default,Default,Default,Default,16,Default,10,1,"34,924.88 ns","1,492.283 ns","4,376.608 ns","34,239.04 ns",0.0000,0.0000,0.0000,0.0000,0.0000,0 B
V2_ResponseBeforeWait,DefaultJob,False,Default,Default,Default,Default,Default,Default,1111111111111111,Empty,RyuJit,Default,X64,8c5e7fda-e8bf-4a96-9a85-a6e23a8c635c,.NET 8.0,False,True,False,True,Default,Default,False,False,False,Default,Default,Default,Default,Default,Default,Default,Default,Default,Default,Default,Default,Default,Default,Default,Default,Default,16,Default,10,1,665.88 ns,16.063 ns,45.568 ns,648.50 ns,0.0000,0.0000,0.0000,0.0000,0.0000,0 B
V3_ResponseBeforeWait,DefaultJob,False,Default,Default,Default,Default,Default,Default,1111111111111111,Empty,RyuJit,Default,X64,8c5e7fda-e8bf-4a96-9a85-a6e23a8c635c,.NET 8.0,False,True,False,True,Default,Default,False,False,False,Default,Default,Default,Default,Default,Default,Default,Default,Default,Default,Default,Default,Default,Default,Default,Default,Default,16,Default,10,1,720.40 ns,18.028 ns,52.588 ns,700.07 ns,0.0000,0.0000,0.0000,0.0000,0.0000,0 B
V4_ResponseBeforeWait,DefaultJob,False,Default,Default,Default,Default,Default,Default,1111111111111111,Empty,RyuJit,Default,X64,8c5e7fda-e8bf-4a96-9a85-a6e23a8c635c,.NET 8.0,False,True,False,True,Default,Default,False,False,False,Default,Default,Default,Default,Default,Default,Default,Default,Default,Default,Default,Default,Default,Default,Default,Default,Default,16,Default,10,1,900.87 ns,21.113 ns,59.549 ns,888.88 ns,0.0000,0.0000,0.0000,0.0000,0.0000,0 B
V1_Timeouts,DefaultJob,False,Default,Default,Default,Default,Default,Default,1111111111111111,Empty,RyuJit,Default,X64,8c5e7fda-e8bf-4a96-9a85-a6e23a8c635c,.NET 8.0,False,True,False,True,Default,Default,False,False,False,Default,Default,Default,Default,Default,Default,Default,Default,Default,Default,Default,Default,Default,Default,Default,Default,Default,16,Default,10,1,"153,833,485.00 ns","834,584.936 ns","780,671.266 ns","153,766,950.00 ns",0.0000,0.0000,0.0000,0.0000,0.0000,4632 B
V2_Timeouts,DefaultJob,False,Default,Default,Default,Default,Default,Default,1111111111111111,Empty,RyuJit,Default,X64,8c5e7fda-e8bf-4a96-9a85-a6e23a8c635c,.NET 8.0,False,True,False,True,Default,Default,False,False,False,Default,Default,Default,Default,Default,Default,Default,Default,Default,Default,Default,Default,Default,Default,Default,Default,Default,16,Default,10,1,"152,989,705.00 ns","781,835.376 ns","731,329.295 ns","152,857,275.00 ns",0.0000,0.0000,0.0000,0.0000,0.0000,4632 B
V3_Timeouts,DefaultJob,False,Default,Default,Default,Default,Default,Default,1111111111111111,Empty,RyuJit,Default,X64,8c5e7fda-e8bf-4a96-9a85-a6e23a8c635c,.NET 8.0,False,True,False,True,Default,Default,False,False,False,Default,Default,Default,Default,Default,Default,Default,Default,Default,Default,Default,Default,Default,Default,Default,Default,Default,16,Default,10,1,"153,529,036.67 ns","845,850.923 ns","791,209.478 ns","153,510,525.00 ns",0.0000,0.0000,0.0000,0.0000,0.0000,4632 B
V4_Timeouts,DefaultJob,False,Default,Default,Default,Default,Default,Default,1111111111111111,Empty,RyuJit,Default,X64,8c5e7fda-e8bf-4a96-9a85-a6e23a8c635c,.NET 8.0,False,True,False,True,Default,Default,False,False,False,Default,Default,Default,Default,Default,Default,Default,Default,Default,Default,Default,Default,Default,Default,Default,Default,Default,16,Default,10,1,"154,094,681.67 ns","662,278.645 ns","619,495.856 ns","154,134,550.00 ns",0.0000,0.0000,0.0000,0.0000,0.0000,4632 B
V1_WaitAndHandleSequential,DefaultJob,False,Default,Default,Default,Default,Default,Default,1111111111111111,Empty,RyuJit,Default,X64,8c5e7fda-e8bf-4a96-9a85-a6e23a8c635c,.NET 8.0,False,True,False,True,Default,Default,False,False,False,Default,Default,Default,Default,Default,Default,Default,Default,Default,Default,Default,Default,Default,Default,Default,Default,Default,16,Default,10,4,"2,075,965.65 ns","54,786.460 ns","158,945.455 ns","2,062,142.97 ns",7.8125,0.0000,0.0547,0.0000,0.0000,4082 B
V2_WaitAndHandleSequential,DefaultJob,False,Default,Default,Default,Default,Default,Default,1111111111111111,Empty,RyuJit,Default,X64,8c5e7fda-e8bf-4a96-9a85-a6e23a8c635c,.NET 8.0,False,True,False,True,Default,Default,False,False,False,Default,Default,Default,Default,Default,Default,Default,Default,Default,Default,Default,Default,Default,Default,Default,Default,Default,16,Default,10,4,"1,965,914.34 ns","51,282.152 ns","148,778.822 ns","1,922,427.73 ns",1.9531,0.0000,0.4805,1.9531,1.9531,2321 B
V3_WaitAndHandleSequential,DefaultJob,False,Default,Default,Default,Default,Default,Default,1111111111111111,Empty,RyuJit,Default,X64,8c5e7fda-e8bf-4a96-9a85-a6e23a8c635c,.NET 8.0,False,True,False,True,Default,Default,False,False,False,Default,Default,Default,Default,Default,Default,Default,Default,Default,Default,Default,Default,Default,Default,Default,Default,Default,16,Default,10,4,"2,147,787.29 ns","81,593.932 ns","236,718.791 ns","2,111,191.41 ns",0.0000,0.0000,0.0039,0.0000,0.0000,2408 B
V4_WaitAndHandleSequential,DefaultJob,False,Default,Default,Default,Default,Default,Default,1111111111111111,Empty,RyuJit,Default,X64,8c5e7fda-e8bf-4a96-9a85-a6e23a8c635c,.NET 8.0,False,True,False,True,Default,Default,False,False,False,Default,Default,Default,Default,Default,Default,Default,Default,Default,Default,Default,Default,Default,Default,Default,Default,Default,16,Default,10,4,"2,152,366.54 ns","75,953.897 ns","217,925.967 ns","2,116,850.20 ns",0.0000,0.0000,0.8672,0.0000,0.0000,2726 B
V1_HandleOnly,DefaultJob,False,Default,Default,Default,Default,Default,Default,1111111111111111,Empty,RyuJit,Default,X64,8c5e7fda-e8bf-4a96-9a85-a6e23a8c635c,.NET 8.0,False,True,False,True,Default,Default,False,False,False,Default,Default,Default,Default,Default,Default,Default,Default,Default,Default,Default,Default,Default,Default,Default,Default,Default,16,Default,10,4,"23,838.89 ns",784.988 ns,"2,277.391 ns","23,513.87 ns",0.0000,0.0000,0.0000,0.0000,0.0000,0 B
V2_HandleOnly,DefaultJob,False,Default,Default,Default,Default,Default,Default,1111111111111111,Empty,RyuJit,Default,X64,8c5e7fda-e8bf-4a96-9a85-a6e23a8c635c,.NET 8.0,False,True,False,True,Default,Default,False,False,False,Default,Default,Default,Default,Default,Default,Default,Default,Default,Default,Default,Default,Default,Default,Default,Default,Default,16,Default,10,4,566.80 ns,33.129 ns,97.681 ns,529.66 ns,0.0000,0.0000,0.0000,0.0000,0.0000,0 B
V3_HandleOnly,DefaultJob,False,Default,Default,Default,Default,Default,Default,1111111111111111,Empty,RyuJit,Default,X64,8c5e7fda-e8bf-4a96-9a85-a6e23a8c635c,.NET 8.0,False,True,False,True,Default,Default,False,False,False,Default,Default,Default,Default,Default,Default,Default,Default,Default,Default,Default,Default,Default,Default,Default,Default,Default,16,Default,10,4,473.38 ns,21.914 ns,62.522 ns,460.22 ns,0.0000,0.0000,0.0000,0.0000,0.0000,0 B
V4_HandleOnly,DefaultJob,False,Default,Default,Default,Default,Default,Default,1111111111111111,Empty,RyuJit,Default,X64,8c5e7fda-e8bf-4a96-9a85-a6e23a8c635c,.NET 8.0,False,True,False,True,Default,Default,False,False,False,Default,Default,Default,Default,Default,Default,Default,Default,Default,Default,Default,Default,Default,Default,Default,Default,Default,16,Default,10,4,441.67 ns,11.893 ns,33.544 ns,432.81 ns,0.0000,0.0000,0.0000,0.0000,0.0000,0 B
V1_WaitAndHandleParallel,DefaultJob,False,Default,Default,Default,Default,Default,Default,1111111111111111,Empty,RyuJit,Default,X64,8c5e7fda-e8bf-4a96-9a85-a6e23a8c635c,.NET 8.0,False,True,False,True,Default,Default,False,False,False,Default,Default,Default,Default,Default,Default,Default,Default,Default,Default,Default,Default,Default,Default,Default,Default,Default,16,Default,10,4,"234,569.70 ns","6,211.881 ns","18,315.872 ns","232,282.13 ns",0.4883,12.9961,0.0454,0.0000,0.0000,4095 B
V2_WaitAndHandleParallel,DefaultJob,False,Default,Default,Default,Default,Default,Default,1111111111111111,Empty,RyuJit,Default,X64,8c5e7fda-e8bf-4a96-9a85-a6e23a8c635c,.NET 8.0,False,True,False,True,Default,Default,False,False,False,Default,Default,Default,Default,Default,Default,Default,Default,Default,Default,Default,Default,Default,Default,Default,Default,Default,16,Default,10,4,"9,269.99 ns",306.250 ns,893.347 ns,"9,162.60 ns",0.4578,12.9949,0.0038,0.0000,0.0000,3836 B
V3_WaitAndHandleParallel,DefaultJob,False,Default,Default,Default,Default,Default,Default,1111111111111111,Empty,RyuJit,Default,X64,8c5e7fda-e8bf-4a96-9a85-a6e23a8c635c,.NET 8.0,False,True,False,True,Default,Default,False,False,False,Default,Default,Default,Default,Default,Default,Default,Default,Default,Default,Default,Default,Default,Default,Default,Default,Default,16,Default,10,4,"15,621.50 ns",350.036 ns,"1,015.519 ns","15,297.13 ns",0.4578,12.9800,0.0073,0.0610,0.0000,3891 B
V4_WaitAndHandleParallel,DefaultJob,False,Default,Default,Default,Default,Default,Default,1111111111111111,Empty,RyuJit,Default,X64,8c5e7fda-e8bf-4a96-9a85-a6e23a8c635c,.NET 8.0,False,True,False,True,Default,Default,False,False,False,Default,Default,Default,Default,Default,Default,Default,Default,Default,Default,Default,Default,Default,Default,Default,Default,Default,16,Default,10,4,"17,590.15 ns",350.998 ns,942.933 ns,"17,667.65 ns",0.4578,12.9783,0.0534,0.0000,0.0000,3844 B
V2_WaitAndHandleAsync_Sequential,DefaultJob,False,Default,Default,Default,Default,Default,Default,1111111111111111,Empty,RyuJit,Default,X64,8c5e7fda-e8bf-4a96-9a85-a6e23a8c635c,.NET 8.0,False,True,False,True,Default,Default,False,False,False,Default,Default,Default,Default,Default,Default,Default,Default,Default,Default,Default,Default,Default,Default,Default,Default,Default,16,Default,10,4,"1,065.41 ns",58.221 ns,171.666 ns,"1,017.86 ns",0.0858,0.0000,0.0000,0.0000,0.0000,720 B
V2_WaitAndHandleAsync_Parallel,DefaultJob,False,Default,Default,Default,Default,Default,Default,1111111111111111,Empty,RyuJit,Default,X64,8c5e7fda-e8bf-4a96-9a85-a6e23a8c635c,.NET 8.0,False,True,False,True,Default,Default,False,False,False,Default,Default,Default,Default,Default,Default,Default,Default,Default,Default,Default,Default,Default,Default,Default,Default,Default,16,Default,10,4,"1,371.97 ns",52.172 ns,151.359 ns,"1,336.44 ns",0.1335,0.0000,0.0000,0.0000,0.0000,1120 B
V1_ResponseBeforeWait,DefaultJob,False,Default,Default,Default,Default,Default,Default,1111111111111111,Empty,RyuJit,Default,X64,8c5e7fda-e8bf-4a96-9a85-a6e23a8c635c,.NET 8.0,False,True,False,True,Default,Default,False,False,False,Default,Default,Default,Default,Default,Default,Default,Default,Default,Default,Default,Default,Default,Default,Default,Default,Default,16,Default,10,4,"36,410.54 ns","1,379.579 ns","4,067.720 ns","35,418.89 ns",0.0000,0.0000,0.0000,0.0000,0.0000,0 B
V2_ResponseBeforeWait,DefaultJob,False,Default,Default,Default,Default,Default,Default,1111111111111111,Empty,RyuJit,Default,X64,8c5e7fda-e8bf-4a96-9a85-a6e23a8c635c,.NET 8.0,False,True,False,True,Default,Default,False,False,False,Default,Default,Default,Default,Default,Default,Default,Default,Default,Default,Default,Default,Default,Default,Default,Default,Default,16,Default,10,4,738.56 ns,29.363 ns,84.247 ns,714.67 ns,0.0000,0.0000,0.0000,0.0000,0.0000,0 B
V3_ResponseBeforeWait,DefaultJob,False,Default,Default,Default,Default,Default,Default,1111111111111111,Empty,RyuJit,Default,X64,8c5e7fda-e8bf-4a96-9a85-a6e23a8c635c,.NET 8.0,False,True,False,True,Default,Default,False,False,False,Default,Default,Default,Default,Default,Default,Default,Default,Default,Default,Default,Default,Default,Default,Default,Default,Default,16,Default,10,4,828.45 ns,34.517 ns,101.233 ns,809.03 ns,0.0000,0.0000,0.0000,0.0000,0.0000,0 B
V4_ResponseBeforeWait,DefaultJob,False,Default,Default,Default,Default,Default,Default,1111111111111111,Empty,RyuJit,Default,X64,8c5e7fda-e8bf-4a96-9a85-a6e23a8c635c,.NET 8.0,False,True,False,True,Default,Default,False,False,False,Default,Default,Default,Default,Default,Default,Default,Default,Default,Default,Default,Default,Default,Default,Default,Default,Default,16,Default,10,4,891.50 ns,24.270 ns,69.636 ns,867.90 ns,0.0000,0.0000,0.0000,0.0000,0.0000,0 B
V1_Timeouts,DefaultJob,False,Default,Default,Default,Default,Default,Default,1111111111111111,Empty,RyuJit,Default,X64,8c5e7fda-e8bf-4a96-9a85-a6e23a8c635c,.NET 8.0,False,True,False,True,Default,Default,False,False,False,Default,Default,Default,Default,Default,Default,Default,Default,Default,Default,Default,Default,Default,Default,Default,Default,Default,16,Default,10,4,"153,716,615.00 ns","1,018,951.333 ns","953,127.710 ns","153,639,375.00 ns",0.0000,0.0000,0.0000,0.0000,0.0000,4632 B
V2_Timeouts,DefaultJob,False,Default,Default,Default,Default,Default,Default,1111111111111111,Empty,RyuJit,Default,X64,8c5e7fda-e8bf-4a96-9a85-a6e23a8c635c,.NET 8.0,False,True,False,True,Default,Default,False,False,False,Default,Default,Default,Default,Default,Default,Default,Default,Default,Default,Default,Default,Default,Default,Default,Default,Default,16,Default,10,4,"153,590,160.00 ns","575,466.134 ns","538,291.379 ns","153,427,675.00 ns",0.0000,0.0000,0.0000,0.0000,0.0000,4632 B
V3_Timeouts,DefaultJob,False,Default,Default,Default,Default,Default,Default,1111111111111111,Empty,RyuJit,Default,X64,8c5e7fda-e8bf-4a96-9a85-a6e23a8c635c,.NET 8.0,False,True,False,True,Default,Default,False,False,False,Default,Default,Default,Default,Default,Default,Default,Default,Default,Default,Default,Default,Default,Default,Default,Default,Default,16,Default,10,4,"154,048,373.33 ns","866,236.438 ns","810,278.102 ns","153,881,175.00 ns",0.0000,0.0000,0.0000,0.0000,0.0000,4632 B
V4_Timeouts,DefaultJob,False,Default,Default,Default,Default,Default,Default,1111111111111111,Empty,RyuJit,Default,X64,8c5e7fda-e8bf-4a96-9a85-a6e23a8c635c,.NET 8.0,False,True,False,True,Default,Default,False,False,False,Default,Default,Default,Default,Default,Default,Default,Default,Default,Default,Default,Default,Default,Default,Default,Default,Default,16,Default,10,4,"153,866,466.67 ns","907,407.997 ns","848,790.004 ns","154,033,225.00 ns",0.0000,0.0000,0.0000,0.0000,0.0000,4632 B
V1_WaitAndHandleSequential,DefaultJob,False,Default,Default,Default,Default,Default,Default,1111111111111111,Empty,RyuJit,Default,X64,8c5e7fda-e8bf-4a96-9a85-a6e23a8c635c,.NET 8.0,False,True,False,True,Default,Default,False,False,False,Default,Default,Default,Default,Default,Default,Default,Default,Default,Default,Default,Default,Default,Default,Default,Default,Default,16,Default,10,16,"2,184,713.04 ns","86,682.315 ns","250,098.297 ns","2,152,162.50 ns",7.8125,0.0000,0.4297,0.0000,0.0000,4082 B
V2_WaitAndHandleSequential,DefaultJob,False,Default,Default,Default,Default,Default,Default,1111111111111111,Empty,RyuJit,Default,X64,8c5e7fda-e8bf-4a96-9a85-a6e23a8c635c,.NET 8.0,False,True,False,True,Default,Default,False,False,False,Default,Default,Default,Default,Default,Default,Default,Default,Default,Default,Default,Default,Default,Default,Default,Default,Default,16,Default,10,16,"1,970,896.95 ns","52,219.132 ns","151,497.172 ns","1,954,580.08 ns",0.0000,0.0000,0.1172,0.0000,0.0000,2322 B
V3_WaitAndHandleSequential,DefaultJob,False,Default,Default,Default,Default,Default,Default,1111111111111111,Empty,RyuJit,Default,X64,8c5e7fda-e8bf-4a96-9a85-a6e23a8c635c,.NET 8.0,False,True,False,True,Default,Default,False,False,False,Default,Default,Default,Default,Default,Default,Default,Default,Default,Default,Default,Default,Default,Default,Default,Default,Default,16,Default,10,16,"2,075,021.32 ns","57,619.388 ns","168,078.460 ns","2,055,137.79 ns",1.9531,0.0000,0.0000,1.9531,1.9531,2365 B
V4_WaitAndHandleSequential,DefaultJob,False,Default,Default,Default,Default,Default,Default,1111111111111111,Empty,RyuJit,Default,X64,8c5e7fda-e8bf-4a96-9a85-a6e23a8c635c,.NET 8.0,False,True,False,True,Default,Default,False,False,False,Default,Default,Default,Default,Default,Default,Default,Default,Default,Default,Default,Default,Default,Default,Default,Default,Default,16,Default,10,16,"1,967,134.91 ns","49,483.908 ns","142,772.390 ns","1,936,353.52 ns",0.0000,0.0000,0.0781,0.0000,0.0000,2370 B
V1_HandleOnly,DefaultJob,False,Default,Default,Default,Default,Default,Default,1111111111111111,Empty,RyuJit,Default,X64,8c5e7fda-e8bf-4a96-9a85-a6e23a8c635c,.NET 8.0,False,True,False,True,Default,Default,False,False,False,Default,Default,Default,Default,Default,Default,Default,Default,Default,Default,Default,Default,Default,Default,Default,Default,Default,16,Default,10,16,"21,565.15 ns",612.962 ns,"1,698.515 ns","21,048.61 ns",0.0000,0.0000,0.0000,0.0000,0.0000,0 B
V2_HandleOnly,DefaultJob,False,Default,Default,Default,Default,Default,Default,1111111111111111,Empty,RyuJit,Default,X64,8c5e7fda-e8bf-4a96-9a85-a6e23a8c635c,.NET 8.0,False,True,False,True,Default,Default,False,False,False,Default,Default,Default,Default,Default,Default,Default,Default,Default,Default,Default,Default,Default,Default,Default,Default,Default,16,Default,10,16,759.79 ns,14.160 ns,13.907 ns,755.96 ns,0.0000,0.0000,0.0000,0.0000,0.0000,0 B
V3_HandleOnly,DefaultJob,False,Default,Default,Default,Default,Default,Default,1111111111111111,Empty,RyuJit,Default,X64,8c5e7fda-e8bf-4a96-9a85-a6e23a8c635c,.NET 8.0,False,True,False,True,Default,Default,False,False,False,Default,Default,Default,Default,Default,Default,Default,Default,Default,Default,Default,Default,Default,Default,Default,Default,Default,16,Default,10,16,451.23 ns,13.526 ns,37.480 ns,440.44 ns,0.0000,0.0000,0.0000,0.0000,0.0000,0 B
V4_HandleOnly,DefaultJob,False,Default,Default,Default,Default,Default,Default,1111111111111111,Empty,RyuJit,Default,X64,8c5e7fda-e8bf-4a96-9a85-a6e23a8c635c,.NET 8.0,False,True,False,True,Default,Default,False,False,False,Default,Default,Default,Default,Default,Default,Default,Default,Default,Default,Default,Default,Default,Default,Default,Default,Default,16,Default,10,16,435.07 ns,12.394 ns,35.956 ns,422.02 ns,0.0000,0.0000,0.0000,0.0000,0.0000,0 B
V1_WaitAndHandleParallel,DefaultJob,False,Default,Default,Default,Default,Default,Default,1111111111111111,Empty,RyuJit,Default,X64,8c5e7fda-e8bf-4a96-9a85-a6e23a8c635c,.NET 8.0,False,True,False,True,Default,Default,False,False,False,Default,Default,Default,Default,Default,Default,Default,Default,Default,Default,Default,Default,Default,Default,Default,Default,Default,16,Default,10,16,"252,280.23 ns","6,448.909 ns","18,913.534 ns","251,367.43 ns",0.4883,17.6445,0.0239,0.0000,0.0000,5359 B
V2_WaitAndHandleParallel,DefaultJob,False,Default,Default,Default,Default,Default,Default,1111111111111111,Empty,RyuJit,Default,X64,8c5e7fda-e8bf-4a96-9a85-a6e23a8c635c,.NET 8.0,False,True,False,True,Default,Default,False,False,False,Default,Default,Default,Default,Default,Default,Default,Default,Default,Default,Default,Default,Default,Default,Default,Default,Default,16,Default,10,16,"8,000.94 ns",159.498 ns,275.125 ns,"7,997.16 ns",0.5188,15.2641,0.0043,0.0000,0.0000,4498 B
V3_WaitAndHandleParallel,DefaultJob,False,Default,Default,Default,Default,Default,Default,1111111111111111,Empty,RyuJit,Default,X64,8c5e7fda-e8bf-4a96-9a85-a6e23a8c635c,.NET 8.0,False,True,False,True,Default,Default,False,False,False,Default,Default,Default,Default,Default,Default,Default,Default,Default,Default,Default,Default,Default,Default,Default,Default,Default,16,Default,10,16,"14,685.92 ns",292.705 ns,666.638 ns,"14,637.70 ns",0.5341,14.7038,0.0202,0.0610,0.0000,4459 B
V4_WaitAndHandleParallel,DefaultJob,False,Default,Default,Default,Default,Default,Default,1111111111111111,Empty,RyuJit,Default,X64,8c5e7fda-e8bf-4a96-9a85-a6e23a8c635c,.NET 8.0,False,True,False,True,Default,Default,False,False,False,Default,Default,Default,Default,Default,Default,Default,Default,Default,Default,Default,Default,Default,Default,Default,Default,Default,16,Default,10,16,"17,132.63 ns",335.027 ns,620.994 ns,"16,979.31 ns",0.4883,14.7036,0.0576,0.0000,0.0000,4423 B
V2_WaitAndHandleAsync_Sequential,DefaultJob,False,Default,Default,Default,Default,Default,Default,1111111111111111,Empty,RyuJit,Default,X64,8c5e7fda-e8bf-4a96-9a85-a6e23a8c635c,.NET 8.0,False,True,False,True,Default,Default,False,False,False,Default,Default,Default,Default,Default,Default,Default,Default,Default,Default,Default,Default,Default,Default,Default,Default,Default,16,Default,10,16,863.43 ns,22.850 ns,64.449 ns,843.91 ns,0.0858,0.0000,0.0000,0.0000,0.0000,720 B
V2_WaitAndHandleAsync_Parallel,DefaultJob,False,Default,Default,Default,Default,Default,Default,1111111111111111,Empty,RyuJit,Default,X64,8c5e7fda-e8bf-4a96-9a85-a6e23a8c635c,.NET 8.0,False,True,False,True,Default,Default,False,False,False,Default,Default,Default,Default,Default,Default,Default,Default,Default,Default,Default,Default,Default,Default,Default,Default,Default,16,Default,10,16,"1,195.96 ns",23.864 ns,42.419 ns,"1,179.94 ns",0.1335,0.0000,0.0000,0.0000,0.0000,1120 B
V1_ResponseBeforeWait,DefaultJob,False,Default,Default,Default,Default,Default,Default,1111111111111111,Empty,RyuJit,Default,X64,8c5e7fda-e8bf-4a96-9a85-a6e23a8c635c,.NET 8.0,False,True,False,True,Default,Default,False,False,False,Default,Default,Default,Default,Default,Default,Default,Default,Default,Default,Default,Default,Default,Default,Default,Default,Default,16,Default,10,16,"33,325.95 ns",921.962 ns,"2,630.408 ns","32,708.39 ns",0.0000,0.0000,0.0000,0.0000,0.0000,0 B
V2_ResponseBeforeWait,DefaultJob,False,Default,Default,Default,Default,Default,Default,1111111111111111,Empty,RyuJit,Default,X64,8c5e7fda-e8bf-4a96-9a85-a6e23a8c635c,.NET 8.0,False,True,False,True,Default,Default,False,False,False,Default,Default,Default,Default,Default,Default,Default,Default,Default,Default,Default,Default,Default,Default,Default,Default,Default,16,Default,10,16,690.78 ns,20.832 ns,59.772 ns,671.88 ns,0.0000,0.0000,0.0000,0.0000,0.0000,0 B
V3_ResponseBeforeWait,DefaultJob,False,Default,Default,Default,Default,Default,Default,1111111111111111,Empty,RyuJit,Default,X64,8c5e7fda-e8bf-4a96-9a85-a6e23a8c635c,.NET 8.0,False,True,False,True,Default,Default,False,False,False,Default,Default,Default,Default,Default,Default,Default,Default,Default,Default,Default,Default,Default,Default,Default,Default,Default,16,Default,10,16,764.35 ns,26.559 ns,78.308 ns,742.84 ns,0.0000,0.0000,0.0000,0.0000,0.0000,0 B
V4_ResponseBeforeWait,DefaultJob,False,Default,Default,Default,Default,Default,Default,1111111111111111,Empty,RyuJit,Default,X64,8c5e7fda-e8bf-4a96-9a85-a6e23a8c635c,.NET 8.0,False,True,False,True,Default,Default,False,False,False,Default,Default,Default,Default,Default,Default,Default,Default,Default,Default,Default,Default,Default,Default,Default,Default,Default,16,Default,10,16,898.58 ns,19.793 ns,56.471 ns,879.41 ns,0.0000,0.0000,0.0000,0.0000,0.0000,0 B
V1_Timeouts,DefaultJob,False,Default,Default,Default,Default,Default,Default,1111111111111111,Empty,RyuJit,Default,X64,8c5e7fda-e8bf-4a96-9a85-a6e23a8c635c,.NET 8.0,False,True,False,True,Default,Default,False,False,False,Default,Default,Default,Default,Default,Default,Default,Default,Default,Default,Default,Default,Default,Default,Default,Default,Default,16,Default,10,16,"153,943,893.33 ns","906,785.948 ns","848,208.138 ns","153,969,275.00 ns",0.0000,0.0000,0.0000,0.0000,0.0000,4632 B
V2_Timeouts,DefaultJob,False,Default,Default,Default,Default,Default,Default,1111111111111111,Empty,RyuJit,Default,X64,8c5e7fda-e8bf-4a96-9a85-a6e23a8c635c,.NET 8.0,False,True,False,True,Default,Default,False,False,False,Default,Default,Default,Default,Default,Default,Default,Default,Default,Default,Default,Default,Default,Default,Default,Default,Default,16,Default,10,16,"153,991,743.33 ns","1,067,821.756 ns","998,841.133 ns","153,805,525.00 ns",0.0000,0.0000,0.0000,0.0000,0.0000,4632 B
V3_Timeouts,DefaultJob,False,Default,Default,Default,Default,Default,Default,1111111111111111,Empty,RyuJit,Default,X64,8c5e7fda-e8bf-4a96-9a85-a6e23a8c635c,.NET 8.0,False,True,False,True,Default,Default,False,False,False,Default,Default,Default,Default,Default,Default,Default,Default,Default,Default,Default,Default,Default,Default,Default,Default,Default,16,Default,10,16,"154,241,480.00 ns","969,550.328 ns","906,917.979 ns","154,327,025.00 ns",0.0000,0.0000,0.0000,0.0000,0.0000,4632 B
V4_Timeouts,DefaultJob,False,Default,Default,Default,Default,Default,Default,1111111111111111,Empty,RyuJit,Default,X64,8c5e7fda-e8bf-4a96-9a85-a6e23a8c635c,.NET 8.0,False,True,False,True,Default,Default,False,False,False,Default,Default,Default,Default,Default,Default,Default,Default,Default,Default,Default,Default,Default,Default,Default,Default,Default,16,Default,10,16,"154,279,638.33 ns","822,844.452 ns","769,689.211 ns","154,030,050.00 ns",0.0000,0.0000,0.0000,0.0000,0.0000,4632 B
V1_WaitAndHandleSequential,DefaultJob,False,Default,Default,Default,Default,Default,Default,1111111111111111,Empty,RyuJit,Default,X64,8c5e7fda-e8bf-4a96-9a85-a6e23a8c635c,.NET 8.0,False,True,False,True,Default,Default,False,False,False,Default,Default,Default,Default,Default,Default,Default,Default,Default,Default,Default,Default,Default,Default,Default,Default,Default,16,Default,100,1,"22,711,030.23 ns","627,252.329 ns","1,769,176.323 ns","22,553,101.56 ns",93.7500,0.0000,0.8750,31.2500,31.2500,40823 B
V2_WaitAndHandleSequential,DefaultJob,False,Default,Default,Default,Default,Default,Default,1111111111111111,Empty,RyuJit,Default,X64,8c5e7fda-e8bf-4a96-9a85-a6e23a8c635c,.NET 8.0,False,True,False,True,Default,Default,False,False,False,Default,Default,Default,Default,Default,Default,Default,Default,Default,Default,Default,Default,Default,Default,Default,Default,Default,16,Default,100,1,"21,415,346.86 ns","606,802.435 ns","1,721,397.510 ns","21,134,464.06 ns",31.2500,0.0000,4.7500,31.2500,31.2500,23223 B
V3_WaitAndHandleSequential,DefaultJob,False,Default,Default,Default,Default,Default,Default,1111111111111111,Empty,RyuJit,Default,X64,8c5e7fda-e8bf-4a96-9a85-a6e23a8c635c,.NET 8.0,False,True,False,True,Default,Default,False,False,False,Default,Default,Default,Default,Default,Default,Default,Default,Default,Default,Default,Default,Default,Default,Default,Default,Default,16,Default,100,1,NA,NA,NA,NA,NA,NA,NA,NA,NA,NA
V4_WaitAndHandleSequential,DefaultJob,False,Default,Default,Default,Default,Default,Default,1111111111111111,Empty,RyuJit,Default,X64,8c5e7fda-e8bf-4a96-9a85-a6e23a8c635c,.NET 8.0,False,True,False,True,Default,Default,False,False,False,Default,Default,Default,Default,Default,Default,Default,Default,Default,Default,Default,Default,Default,Default,Default,Default,Default,16,Default,100,1,"24,353,115.06 ns","934,428.224 ns","2,740,516.224 ns","23,764,693.75 ns",31.2500,0.0000,3.3438,31.2500,31.2500,24800 B
V1_HandleOnly,DefaultJob,False,Default,Default,Default,Default,Default,Default,1111111111111111,Empty,RyuJit,Default,X64,8c5e7fda-e8bf-4a96-9a85-a6e23a8c635c,.NET 8.0,False,True,False,True,Default,Default,False,False,False,Default,Default,Default,Default,Default,Default,Default,Default,Default,Default,Default,Default,Default,Default,Default,Default,Default,16,Default,100,1,"235,897.49 ns","7,955.307 ns","23,456.403 ns","232,493.02 ns",0.0000,0.0000,0.0000,0.0000,0.0000,0 B
V2_HandleOnly,DefaultJob,False,Default,Default,Default,Default,Default,Default,1111111111111111,Empty,RyuJit,Default,X64,8c5e7fda-e8bf-4a96-9a85-a6e23a8c635c,.NET 8.0,False,True,False,True,Default,Default,False,False,False,Default,Default,Default,Default,Default,Default,Default,Default,Default,Default,Default,Default,Default,Default,Default,Default,Default,16,Default,100,1,"4,554.24 ns",119.214 ns,345.861 ns,"4,483.10 ns",0.0000,0.0000,0.0000,0.0000,0.0000,0 B
V3_HandleOnly,DefaultJob,False,Default,Default,Default,Default,Default,Default,1111111111111111,Empty,RyuJit,Default,X64,8c5e7fda-e8bf-4a96-9a85-a6e23a8c635c,.NET 8.0,False,True,False,True,Default,Default,False,False,False,Default,Default,Default,Default,Default,Default,Default,Default,Default,Default,Default,Default,Default,Default,Default,Default,Default,16,Default,100,1,"4,606.04 ns",154.094 ns,449.499 ns,"4,524.68 ns",0.0000,0.0000,0.0000,0.0000,0.0000,0 B
V4_HandleOnly,DefaultJob,False,Default,Default,Default,Default,Default,Default,1111111111111111,Empty,RyuJit,Default,X64,8c5e7fda-e8bf-4a96-9a85-a6e23a8c635c,.NET 8.0,False,True,False,True,Default,Default,False,False,False,Default,Default,Default,Default,Default,Default,Default,Default,Default,Default,Default,Default,Default,Default,Default,Default,Default,16,Default,100,1,"5,012.10 ns",199.264 ns,584.407 ns,"4,941.73 ns",0.0000,0.0000,0.0000,0.0000,0.0000,0 B
V1_WaitAndHandleParallel,DefaultJob,False,Default,Default,Default,Default,Default,Default,1111111111111111,Empty,RyuJit,Default,X64,8c5e7fda-e8bf-4a96-9a85-a6e23a8c635c,.NET 8.0,False,True,False,True,Default,Default,False,False,False,Default,Default,Default,Default,Default,Default,Default,Default,Default,Default,Default,Default,Default,Default,Default,Default,Default,16,Default,100,1,"1,039,399.45 ns","28,237.967 ns","81,020.019 ns","1,017,139.55 ns",1.9531,100.0000,0.1152,0.0000,0.0000,18520 B
V2_WaitAndHandleParallel,DefaultJob,False,Default,Default,Default,Default,Default,Default,1111111111111111,Empty,RyuJit,Default,X64,8c5e7fda-e8bf-4a96-9a85-a6e23a8c635c,.NET 8.0,False,True,False,True,Default,Default,False,False,False,Default,Default,Default,Default,Default,Default,Default,Default,Default,Default,Default,Default,Default,Default,Default,Default,Default,16,Default,100,1,"124,805.08 ns","3,238.966 ns","9,135.561 ns","122,870.90 ns",1.9531,100.0000,0.0015,0.0000,0.0000,18305 B
V3_WaitAndHandleParallel,DefaultJob,False,Default,Default,Default,Default,Default,Default,1111111111111111,Empty,RyuJit,Default,X64,8c5e7fda-e8bf-4a96-9a85-a6e23a8c635c,.NET 8.0,False,True,False,True,Default,Default,False,False,False,Default,Default,Default,Default,Default,Default,Default,Default,Default,Default,Default,Default,Default,Default,Default,Default,Default,16,Default,100,1,"131,416.08 ns","3,808.057 ns","10,987.115 ns","130,182.02 ns",2.1973,100.0000,0.0063,0.0000,0.0000,18347 B
V4_WaitAndHandleParallel,DefaultJob,False,Default,Default,Default,Default,Default,Default,1111111111111111,Empty,RyuJit,Default,X64,8c5e7fda-e8bf-4a96-9a85-a6e23a8c635c,.NET 8.0,False,True,False,True,Default,Default,False,False,False,Default,Default,Default,Default,Default,Default,Default,Default,Default,Default,Default,Default,Default,Default,Default,Default,Default,16,Default,100,1,"138,638.44 ns","4,580.642 ns","13,361.949 ns","135,930.48 ns",2.1973,100.0000,0.0264,0.0000,0.0000,18328 B
V2_WaitAndHandleAsync_Sequential,DefaultJob,False,Default,Default,Default,Default,Default,Default,1111111111111111,Empty,RyuJit,Default,X64,8c5e7fda-e8bf-4a96-9a85-a6e23a8c635c,.NET 8.0,False,True,False,True,Default,Default,False,False,False,Default,Default,Default,Default,Default,Default,Default,Default,Default,Default,Default,Default,Default,Default,Default,Default,Default,16,Default,100,1,"9,760.34 ns",381.043 ns,"1,105.475 ns","9,544.21 ns",0.8545,0.0000,0.0000,0.0000,0.0000,7200 B
V2_WaitAndHandleAsync_Parallel,DefaultJob,False,Default,Default,Default,Default,Default,Default,1111111111111111,Empty,RyuJit,Default,X64,8c5e7fda-e8bf-4a96-9a85-a6e23a8c635c,.NET 8.0,False,True,False,True,Default,Default,False,False,False,Default,Default,Default,Default,Default,Default,Default,Default,Default,Default,Default,Default,Default,Default,Default,Default,Default,16,Default,100,1,"12,359.32 ns",355.915 ns,"1,026.896 ns","12,131.97 ns",1.1597,0.0000,0.0000,0.0305,0.0000,9760 B
V1_ResponseBeforeWait,DefaultJob,False,Default,Default,Default,Default,Default,Default,1111111111111111,Empty,RyuJit,Default,X64,8c5e7fda-e8bf-4a96-9a85-a6e23a8c635c,.NET 8.0,False,True,False,True,Default,Default,False,False,False,Default,Default,Default,Default,Default,Default,Default,Default,Default,Default,Default,Default,Default,Default,Default,Default,Default,16,Default,100,1,"346,830.54 ns","10,237.519 ns","29,863.323 ns","336,674.66 ns",0.0000,0.0000,0.0000,0.0000,0.0000,0 B
V2_ResponseBeforeWait,DefaultJob,False,Default,Default,Default,Default,Default,Default,1111111111111111,Empty,RyuJit,Default,X64,8c5e7fda-e8bf-4a96-9a85-a6e23a8c635c,.NET 8.0,False,True,False,True,Default,Default,False,False,False,Default,Default,Default,Default,Default,Default,Default,Default,Default,Default,Default,Default,Default,Default,Default,Default,Default,16,Default,100,1,"7,126.72 ns",190.306 ns,552.111 ns,"6,979.86 ns",0.0000,0.0000,0.0000,0.0000,0.0000,0 B
V3_ResponseBeforeWait,DefaultJob,False,Default,Default,Default,Default,Default,Default,1111111111111111,Empty,RyuJit,Default,X64,8c5e7fda-e8bf-4a96-9a85-a6e23a8c635c,.NET 8.0,False,True,False,True,Default,Default,False,False,False,Default,Default,Default,Default,Default,Default,Default,Default,Default,Default,Default,Default,Default,Default,Default,Default,Default,16,Default,100,1,"7,603.24 ns",262.758 ns,766.477 ns,"7,387.28 ns",0.0000,0.0000,0.0000,0.0000,0.0000,0 B
V4_ResponseBeforeWait,DefaultJob,False,Default,Default,Default,Default,Default,Default,1111111111111111,Empty,RyuJit,Default,X64,8c5e7fda-e8bf-4a96-9a85-a6e23a8c635c,.NET 8.0,False,True,False,True,Default,Default,False,False,False,Default,Default,Default,Default,Default,Default,Default,Default,Default,Default,Default,Default,Default,Default,Default,Default,Default,16,Default,100,1,"9,532.37 ns",320.567 ns,935.109 ns,"9,321.38 ns",0.0000,0.0000,0.0000,0.0000,0.0000,0 B
V1_Timeouts,DefaultJob,False,Default,Default,Default,Default,Default,Default,1111111111111111,Empty,RyuJit,Default,X64,8c5e7fda-e8bf-4a96-9a85-a6e23a8c635c,.NET 8.0,False,True,False,True,Default,Default,False,False,False,Default,Default,Default,Default,Default,Default,Default,Default,Default,Default,Default,Default,Default,Default,Default,Default,Default,16,Default,100,1,"1,545,671,906.67 ns","4,077,167.026 ns","3,813,784.566 ns","1,545,261,200.00 ns",0.0000,0.0000,0.0000,0.0000,0.0000,45408 B
V2_Timeouts,DefaultJob,False,Default,Default,Default,Default,Default,Default,1111111111111111,Empty,RyuJit,Default,X64,8c5e7fda-e8bf-4a96-9a85-a6e23a8c635c,.NET 8.0,False,True,False,True,Default,Default,False,False,False,Default,Default,Default,Default,Default,Default,Default,Default,Default,Default,Default,Default,Default,Default,Default,Default,Default,16,Default,100,1,"1,538,881,953.33 ns","7,753,256.075 ns","7,252,400.543 ns","1,539,698,900.00 ns",0.0000,0.0000,0.0000,0.0000,0.0000,45408 B
V3_Timeouts,DefaultJob,False,Default,Default,Default,Default,Default,Default,1111111111111111,Empty,RyuJit,Default,X64,8c5e7fda-e8bf-4a96-9a85-a6e23a8c635c,.NET 8.0,False,True,False,True,Default,Default,False,False,False,Default,Default,Default,Default,Default,Default,Default,Default,Default,Default,Default,Default,Default,Default,Default,Default,Default,16,Default,100,1,"1,539,674,526.67 ns","6,558,601.282 ns","6,134,919.709 ns","1,540,099,900.00 ns",0.0000,0.0000,0.0000,0.0000,0.0000,45408 B
V4_Timeouts,DefaultJob,False,Default,Default,Default,Default,Default,Default,1111111111111111,Empty,RyuJit,Default,X64,8c5e7fda-e8bf-4a96-9a85-a6e23a8c635c,.NET 8.0,False,True,False,True,Default,Default,False,False,False,Default,Default,Default,Default,Default,Default,Default,Default,Default,Default,Default,Default,Default,Default,Default,Default,Default,16,Default,100,1,"1,537,568,186.67 ns","8,179,497.906 ns","7,651,107.416 ns","1,540,334,500.00 ns",0.0000,0.0000,0.0000,0.0000,0.0000,45408 B
V1_WaitAndHandleSequential,DefaultJob,False,Default,Default,Default,Default,Default,Default,1111111111111111,Empty,RyuJit,Default,X64,8c5e7fda-e8bf-4a96-9a85-a6e23a8c635c,.NET 8.0,False,True,False,True,Default,Default,False,False,False,Default,Default,Default,Default,Default,Default,Default,Default,Default,Default,Default,Default,Default,Default,Default,Default,Default,16,Default,100,4,"31,752,139.79 ns","4,100,035.025 ns","11,894,945.043 ns","25,750,840.00 ns",100.0000,0.0000,0.5000,0.0000,0.0000,40840 B
V2_WaitAndHandleSequential,DefaultJob,False,Default,Default,Default,Default,Default,Default,1111111111111111,Empty,RyuJit,Default,X64,8c5e7fda-e8bf-4a96-9a85-a6e23a8c635c,.NET 8.0,False,True,False,True,Default,Default,False,False,False,Default,Default,Default,Default,Default,Default,Default,Default,Default,Default,Default,Default,Default,Default,Default,Default,Default,16,Default,100,4,"21,530,115.29 ns","596,144.715 ns","1,700,834.416 ns","21,284,267.19 ns",31.2500,0.0000,3.6563,31.2500,31.2500,23223 B
V3_WaitAndHandleSequential,DefaultJob,False,Default,Default,Default,Default,Default,Default,1111111111111111,Empty,RyuJit,Default,X64,8c5e7fda-e8bf-4a96-9a85-a6e23a8c635c,.NET 8.0,False,True,False,True,Default,Default,False,False,False,Default,Default,Default,Default,Default,Default,Default,Default,Default,Default,Default,Default,Default,Default,Default,Default,Default,16,Default,100,4,"21,444,053.91 ns","477,681.775 ns","1,385,841.445 ns","21,486,192.19 ns",31.2500,0.0000,0.0000,31.2500,31.2500,23622 B
V4_WaitAndHandleSequential,DefaultJob,False,Default,Default,Default,Default,Default,Default,1111111111111111,Empty,RyuJit,Default,X64,8c5e7fda-e8bf-4a96-9a85-a6e23a8c635c,.NET 8.0,False,True,False,True,Default,Default,False,False,False,Default,Default,Default,Default,Default,Default,Default,Default,Default,Default,Default,Default,Default,Default,Default,Default,Default,16,Default,100,4,"24,074,011.93 ns","1,399,576.288 ns","3,993,069.902 ns","22,856,826.56 ns",31.2500,0.0000,2.6563,31.2500,31.2500,25191 B
V1_HandleOnly,DefaultJob,False,Default,Default,Default,Default,Default,Default,1111111111111111,Empty,RyuJit,Default,X64,8c5e7fda-e8bf-4a96-9a85-a6e23a8c635c,.NET 8.0,False,True,False,True,Default,Default,False,False,False,Default,Default,Default,Default,Default,Default,Default,Default,Default,Default,Default,Default,Default,Default,Default,Default,Default,16,Default,100,4,"260,117.82 ns","8,405.680 ns","24,519.763 ns","253,456.64 ns",0.0000,0.0000,0.0000,0.0000,0.0000,0 B
V2_HandleOnly,DefaultJob,False,Default,Default,Default,Default,Default,Default,1111111111111111,Empty,RyuJit,Default,X64,8c5e7fda-e8bf-4a96-9a85-a6e23a8c635c,.NET 8.0,False,True,False,True,Default,Default,False,False,False,Default,Default,Default,Default,Default,Default,Default,Default,Default,Default,Default,Default,Default,Default,Default,Default,Default,16,Default,100,4,"5,237.05 ns",190.364 ns,555.299 ns,"5,123.12 ns",0.0000,0.0000,0.0000,0.0000,0.0000,0 B
V3_HandleOnly,DefaultJob,False,Default,Default,Default,Default,Default,Default,1111111111111111,Empty,RyuJit,Default,X64,8c5e7fda-e8bf-4a96-9a85-a6e23a8c635c,.NET 8.0,False,True,False,True,Default,Default,False,False,False,Default,Default,Default,Default,Default,Default,Default,Default,Default,Default,Default,Default,Default,Default,Default,Default,Default,16,Default,100,4,"5,116.90 ns",208.934 ns,616.046 ns,"5,029.58 ns",0.0000,0.0000,0.0000,0.0000,0.0000,0 B
V4_HandleOnly,DefaultJob,False,Default,Default,Default,Default,Default,Default,1111111111111111,Empty,RyuJit,Default,X64,8c5e7fda-e8bf-4a96-9a85-a6e23a8c635c,.NET 8.0,False,True,False,True,Default,Default,False,False,False,Default,Default,Default,Default,Default,Default,Default,Default,Default,Default,Default,Default,Default,Default,Default,Default,Default,16,Default,100,4,"5,361.53 ns",247.333 ns,729.267 ns,"5,315.40 ns",0.0000,0.0000,0.0000,0.0000,0.0000,0 B
V1_WaitAndHandleParallel,DefaultJob,False,Default,Default,Default,Default,Default,Default,1111111111111111,Empty,RyuJit,Default,X64,8c5e7fda-e8bf-4a96-9a85-a6e23a8c635c,.NET 8.0,False,True,False,True,Default,Default,False,False,False,Default,Default,Default,Default,Default,Default,Default,Default,Default,Default,Default,Default,Default,Default,Default,Default,Default,16,Default,100,4,"2,744,162.09 ns","54,680.448 ns","158,637.896 ns","2,763,354.30 ns",0.0000,102.9922,0.3633,0.0000,0.0000,19789 B
V2_WaitAndHandleParallel,DefaultJob,False,Default,Default,Default,Default,Default,Default,1111111111111111,Empty,RyuJit,Default,X64,8c5e7fda-e8bf-4a96-9a85-a6e23a8c635c,.NET 8.0,False,True,False,True,Default,Default,False,False,False,Default,Default,Default,Default,Default,Default,Default,Default,Default,Default,Default,Default,Default,Default,Default,Default,Default,16,Default,100,4,"64,098.07 ns","1,007.200 ns",892.857 ns,"64,134.39 ns",2.1973,103.0000,0.0493,0.0000,0.0000,18896 B
V3_WaitAndHandleParallel,DefaultJob,False,Default,Default,Default,Default,Default,Default,1111111111111111,Empty,RyuJit,Default,X64,8c5e7fda-e8bf-4a96-9a85-a6e23a8c635c,.NET 8.0,False,True,False,True,Default,Default,False,False,False,Default,Default,Default,Default,Default,Default,Default,Default,Default,Default,Default,Default,Default,Default,Default,Default,Default,16,Default,100,4,"95,459.05 ns","1,885.948 ns","3,400.754 ns","95,704.50 ns",2.3193,102.9999,0.4596,0.8545,0.0000,19793 B
V4_WaitAndHandleParallel,DefaultJob,False,Default,Default,Default,Default,Default,Default,1111111111111111,Empty,RyuJit,Default,X64,8c5e7fda-e8bf-4a96-9a85-a6e23a8c635c,.NET 8.0,False,True,False,True,Default,Default,False,False,False,Default,Default,Default,Default,Default,Default,Default,Default,Default,Default,Default,Default,Default,Default,Default,Default,Default,16,Default,100,4,"105,769.94 ns","2,005.327 ns","2,145.677 ns","105,184.67 ns",2.1973,102.9999,0.4338,0.0000,0.0000,19118 B
V2_WaitAndHandleAsync_Sequential,DefaultJob,False,Default,Default,Default,Default,Default,Default,1111111111111111,Empty,RyuJit,Default,X64,8c5e7fda-e8bf-4a96-9a85-a6e23a8c635c,.NET 8.0,False,True,False,True,Default,Default,False,False,False,Default,Default,Default,Default,Default,Default,Default,Default,Default,Default,Default,Default,Default,Default,Default,Default,Default,16,Default,100,4,"11,010.64 ns",470.003 ns,"1,378.437 ns","10,838.90 ns",0.8545,0.0000,0.0000,0.0000,0.0000,7200 B
V2_WaitAndHandleAsync_Parallel,DefaultJob,False,Default,Default,Default,Default,Default,Default,1111111111111111,Empty,RyuJit,Default,X64,8c5e7fda-e8bf-4a96-9a85-a6e23a8c635c,.NET 8.0,False,True,False,True,Default,Default,False,False,False,Default,Default,Default,Default,Default,Default,Default,Default,Default,Default,Default,Default,Default,Default,Default,Default,Default,16,Default,100,4,"12,777.31 ns",433.714 ns,"1,251.364 ns","12,566.74 ns",1.1597,0.0000,0.0000,0.0305,0.0000,9760 B
V1_ResponseBeforeWait,DefaultJob,False,Default,Default,Default,Default,Default,Default,1111111111111111,Empty,RyuJit,Default,X64,8c5e7fda-e8bf-4a96-9a85-a6e23a8c635c,.NET 8.0,False,True,False,True,Default,Default,False,False,False,Default,Default,Default,Default,Default,Default,Default,Default,Default,Default,Default,Default,Default,Default,Default,Default,Default,16,Default,100,4,"354,174.52 ns","8,958.250 ns","26,272.996 ns","347,865.19 ns",0.0000,0.0000,0.0000,0.0000,0.0000,0 B
V2_ResponseBeforeWait,DefaultJob,False,Default,Default,Default,Default,Default,Default,1111111111111111,Empty,RyuJit,Default,X64,8c5e7fda-e8bf-4a96-9a85-a6e23a8c635c,.NET 8.0,False,True,False,True,Default,Default,False,False,False,Default,Default,Default,Default,Default,Default,Default,Default,Default,Default,Default,Default,Default,Default,Default,Default,Default,16,Default,100,4,"7,339.48 ns",187.750 ns,541.701 ns,"7,197.98 ns",0.0000,0.0000,0.0000,0.0000,0.0000,0 B
V3_ResponseBeforeWait,DefaultJob,False,Default,Default,Default,Default,Default,Default,1111111111111111,Empty,RyuJit,Default,X64,8c5e7fda-e8bf-4a96-9a85-a6e23a8c635c,.NET 8.0,False,True,False,True,Default,Default,False,False,False,Default,Default,Default,Default,Default,Default,Default,Default,Default,Default,Default,Default,Default,Default,Default,Default,Default,16,Default,100,4,"7,336.32 ns",146.538 ns,372.987 ns,"7,283.52 ns",0.0000,0.0000,0.0000,0.0000,0.0000,0 B
V4_ResponseBeforeWait,DefaultJob,False,Default,Default,Default,Default,Default,Default,1111111111111111,Empty,RyuJit,Default,X64,8c5e7fda-e8bf-4a96-9a85-a6e23a8c635c,.NET 8.0,False,True,False,True,Default,Default,False,False,False,Default,Default,Default,Default,Default,Default,Default,Default,Default,Default,Default,Default,Default,Default,Default,Default,Default,16,Default,100,4,"9,095.81 ns",218.976 ns,638.765 ns,"8,950.82 ns",0.0000,0.0000,0.0000,0.0000,0.0000,0 B
V1_Timeouts,DefaultJob,False,Default,Default,Default,Default,Default,Default,1111111111111111,Empty,RyuJit,Default,X64,8c5e7fda-e8bf-4a96-9a85-a6e23a8c635c,.NET 8.0,False,True,False,True,Default,Default,False,False,False,Default,Default,Default,Default,Default,Default,Default,Default,Default,Default,Default,Default,Default,Default,Default,Default,Default,16,Default,100,4,"1,542,808,526.67 ns","4,495,310.945 ns","4,204,916.647 ns","1,542,875,500.00 ns",0.0000,0.0000,0.0000,0.0000,0.0000,45408 B
V2_Timeouts,DefaultJob,False,Default,Default,Default,Default,Default,Default,1111111111111111,Empty,RyuJit,Default,X64,8c5e7fda-e8bf-4a96-9a85-a6e23a8c635c,.NET 8.0,False,True,False,True,Default,Default,False,False,False,Default,Default,Default,Default,Default,Default,Default,Default,Default,Default,Default,Default,Default,Default,Default,Default,Default,16,Default,100,4,"1,539,045,733.33 ns","6,588,283.471 ns","6,162,684.446 ns","1,537,300,900.00 ns",0.0000,0.0000,0.0000,0.0000,0.0000,45408 B
V3_Timeouts,DefaultJob,False,Default,Default,Default,Default,Default,Default,1111111111111111,Empty,RyuJit,Default,X64,8c5e7fda-e8bf-4a96-9a85-a6e23a8c635c,.NET 8.0,False,True,False,True,Default,Default,False,False,False,Default,Default,Default,Default,Default,Default,Default,Default,Default,Default,Default,Default,Default,Default,Default,Default,Default,16,Default,100,4,"1,539,095,820.00 ns","5,583,359.720 ns","5,222,678.146 ns","1,539,250,800.00 ns",0.0000,0.0000,0.0000,0.0000,0.0000,45408 B
V4_Timeouts,DefaultJob,False,Default,Default,Default,Default,Default,Default,1111111111111111,Empty,RyuJit,Default,X64,8c5e7fda-e8bf-4a96-9a85-a6e23a8c635c,.NET 8.0,False,True,False,True,Default,Default,False,False,False,Default,Default,Default,Default,Default,Default,Default,Default,Default,Default,Default,Default,Default,Default,Default,Default,Default,16,Default,100,4,"1,538,156,120.00 ns","7,886,303.797 ns","7,376,853.464 ns","1,537,125,500.00 ns",0.0000,0.0000,0.0000,0.0000,0.0000,45408 B
V1_WaitAndHandleSequential,DefaultJob,False,Default,Default,Default,Default,Default,Default,1111111111111111,Empty,RyuJit,Default,X64,8c5e7fda-e8bf-4a96-9a85-a6e23a8c635c,.NET 8.0,False,True,False,True,Default,Default,False,False,False,Default,Default,Default,Default,Default,Default,Default,Default,Default,Default,Default,Default,Default,Default,Default,Default,Default,16,Default,100,16,"23,077,121.57 ns","467,432.073 ns","1,326,026.989 ns","22,969,612.50 ns",93.7500,0.0000,1.0625,31.2500,31.2500,40823 B
V2_WaitAndHandleSequential,DefaultJob,False,Default,Default,Default,Default,Default,Default,1111111111111111,Empty,RyuJit,Default,X64,8c5e7fda-e8bf-4a96-9a85-a6e23a8c635c,.NET 8.0,False,True,False,True,Default,Default,False,False,False,Default,Default,Default,Default,Default,Default,Default,Default,Default,Default,Default,Default,Default,Default,Default,Default,Default,16,Default,100,16,"21,853,896.32 ns","557,780.723 ns","1,609,324.920 ns","21,712,848.44 ns",31.2500,0.0000,6.8438,31.2500,31.2500,23223 B
V3_WaitAndHandleSequential,DefaultJob,False,Default,Default,Default,Default,Default,Default,1111111111111111,Empty,RyuJit,Default,X64,8c5e7fda-e8bf-4a96-9a85-a6e23a8c635c,.NET 8.0,False,True,False,True,Default,Default,False,False,False,Default,Default,Default,Default,Default,Default,Default,Default,Default,Default,Default,Default,Default,Default,Default,Default,Default,16,Default,100,16,"21,872,539.57 ns","523,623.566 ns","1,535,697.277 ns","21,624,101.56 ns",31.2500,0.0000,0.0000,31.2500,31.2500,23712 B
V4_WaitAndHandleSequential,DefaultJob,False,Default,Default,Default,Default,Default,Default,1111111111111111,Empty,RyuJit,Default,X64,8c5e7fda-e8bf-4a96-9a85-a6e23a8c635c,.NET 8.0,False,True,False,True,Default,Default,False,False,False,Default,Default,Default,Default,Default,Default,Default,Default,Default,Default,Default,Default,Default,Default,Default,Default,Default,16,Default,100,16,"21,830,288.72 ns","507,674.546 ns","1,472,855.912 ns","21,568,996.88 ns",31.2500,0.0000,1.4688,31.2500,31.2500,24188 B
V1_HandleOnly,DefaultJob,False,Default,Default,Default,Default,Default,Default,1111111111111111,Empty,RyuJit,Default,X64,8c5e7fda-e8bf-4a96-9a85-a6e23a8c635c,.NET 8.0,False,True,False,True,Default,Default,False,False,False,Default,Default,Default,Default,Default,Default,Default,Default,Default,Default,Default,Default,Default,Default,Default,Default,Default,16,Default,100,16,"235,585.07 ns","6,821.368 ns","19,790.026 ns","232,687.52 ns",0.0000,0.0000,0.0000,0.0000,0.0000,0 B
V2_HandleOnly,DefaultJob,False,Default,Default,Default,Default,Default,Default,1111111111111111,Empty,RyuJit,Default,X64,8c5e7fda-e8bf-4a96-9a85-a6e23a8c635c,.NET 8.0,False,True,False,True,Default,Default,False,False,False,Default,Default,Default,Default,Default,Default,Default,Default,Default,Default,Default,Default,Default,Default,Default,Default,Default,16,Default,100,16,"4,358.72 ns",85.900 ns,161.340 ns,"4,363.92 ns",0.0000,0.0000,0.0000,0.0000,0.0000,0 B
V3_HandleOnly,DefaultJob,False,Default,Default,Default,Default,Default,Default,1111111111111111,Empty,RyuJit,Default,X64,8c5e7fda-e8bf-4a96-9a85-a6e23a8c635c,.NET 8.0,False,True,False,True,Default,Default,False,False,False,Default,Default,Default,Default,Default,Default,Default,Default,Default,Default,Default,Default,Default,Default,Default,Default,Default,16,Default,100,16,"4,610.42 ns",125.105 ns,356.931 ns,"4,513.59 ns",0.0000,0.0000,0.0000,0.0000,0.0000,0 B
V4_HandleOnly,DefaultJob,False,Default,Default,Default,Default,Default,Default,1111111111111111,Empty,RyuJit,Default,X64,8c5e7fda-e8bf-4a96-9a85-a6e23a8c635c,.NET 8.0,False,True,False,True,Default,Default,False,False,False,Default,Default,Default,Default,Default,Default,Default,Default,Default,Default,Default,Default,Default,Default,Default,Default,Default,16,Default,100,16,"4,662.64 ns",122.447 ns,359.116 ns,"4,601.27 ns",0.0000,0.0000,0.0000,0.0000,0.0000,0 B
V1_WaitAndHandleParallel,DefaultJob,False,Default,Default,Default,Default,Default,Default,1111111111111111,Empty,RyuJit,Default,X64,8c5e7fda-e8bf-4a96-9a85-a6e23a8c635c,.NET 8.0,False,True,False,True,Default,Default,False,False,False,Default,Default,Default,Default,Default,Default,Default,Default,Default,Default,Default,Default,Default,Default,Default,Default,Default,16,Default,100,16,"2,671,135.63 ns","74,064.063 ns","216,048.349 ns","2,659,357.81 ns",0.0000,115.0000,0.0859,0.0000,0.0000,25855 B
V2_WaitAndHandleParallel,DefaultJob,False,Default,Default,Default,Default,Default,Default,1111111111111111,Empty,RyuJit,Default,X64,8c5e7fda-e8bf-4a96-9a85-a6e23a8c635c,.NET 8.0,False,True,False,True,Default,Default,False,False,False,Default,Default,Default,Default,Default,Default,Default,Default,Default,Default,Default,Default,Default,Default,Default,Default,Default,16,Default,100,16,"96,793.00 ns","2,558.373 ns","7,462.893 ns","96,631.70 ns",2.4414,110.3770,2.2021,0.0000,0.0000,20852 B
V3_WaitAndHandleParallel,DefaultJob,False,Default,Default,Default,Default,Default,Default,1111111111111111,Empty,RyuJit,Default,X64,8c5e7fda-e8bf-4a96-9a85-a6e23a8c635c,.NET 8.0,False,True,False,True,Default,Default,False,False,False,Default,Default,Default,Default,Default,Default,Default,Default,Default,Default,Default,Default,Default,Default,Default,Default,Default,16,Default,100,16,"122,643.44 ns","3,313.808 ns","9,770.837 ns","121,968.98 ns",2.4414,109.7576,2.6809,0.4883,0.0000,21374 B
V4_WaitAndHandleParallel,DefaultJob,False,Default,Default,Default,Default,Default,Default,1111111111111111,Empty,RyuJit,Default,X64,8c5e7fda-e8bf-4a96-9a85-a6e23a8c635c,.NET 8.0,False,True,False,True,Default,Default,False,False,False,Default,Default,Default,Default,Default,Default,Default,Default,Default,Default,Default,Default,Default,Default,Default,Default,Default,16,Default,100,16,"157,418.61 ns","6,475.436 ns","19,092.970 ns","153,642.02 ns",2.4414,109.2759,3.1897,0.0000,0.0000,20892 B
V2_WaitAndHandleAsync_Sequential,DefaultJob,False,Default,Default,Default,Default,Default,Default,1111111111111111,Empty,RyuJit,Default,X64,8c5e7fda-e8bf-4a96-9a85-a6e23a8c635c,.NET 8.0,False,True,False,True,Default,Default,False,False,False,Default,Default,Default,Default,Default,Default,Default,Default,Default,Default,Default,Default,Default,Default,Default,Default,Default,16,Default,100,16,"8,708.57 ns",220.124 ns,628.025 ns,"8,646.32 ns",0.8545,0.0000,0.0000,0.0000,0.0000,7200 B
V2_WaitAndHandleAsync_Parallel,DefaultJob,False,Default,Default,Default,Default,Default,Default,1111111111111111,Empty,RyuJit,Default,X64,8c5e7fda-e8bf-4a96-9a85-a6e23a8c635c,.NET 8.0,False,True,False,True,Default,Default,False,False,False,Default,Default,Default,Default,Default,Default,Default,Default,Default,Default,Default,Default,Default,Default,Default,Default,Default,16,Default,100,16,"11,608.62 ns",327.637 ns,960.903 ns,"11,391.35 ns",1.1597,0.0000,0.0000,0.0305,0.0000,9760 B
V1_ResponseBeforeWait,DefaultJob,False,Default,Default,Default,Default,Default,Default,1111111111111111,Empty,RyuJit,Default,X64,8c5e7fda-e8bf-4a96-9a85-a6e23a8c635c,.NET 8.0,False,True,False,True,Default,Default,False,False,False,Default,Default,Default,Default,Default,Default,Default,Default,Default,Default,Default,Default,Default,Default,Default,Default,Default,16,Default,100,16,"343,194.83 ns","8,950.112 ns","26,249.128 ns","340,016.11 ns",0.0000,0.0000,0.0000,0.0000,0.0000,0 B
V2_ResponseBeforeWait,DefaultJob,False,Default,Default,Default,Default,Default,Default,1111111111111111,Empty,RyuJit,Default,X64,8c5e7fda-e8bf-4a96-9a85-a6e23a8c635c,.NET 8.0,False,True,False,True,Default,Default,False,False,False,Default,Default,Default,Default,Default,Default,Default,Default,Default,Default,Default,Default,Default,Default,Default,Default,Default,16,Default,100,16,"6,937.45 ns",169.311 ns,491.203 ns,"6,843.87 ns",0.0000,0.0000,0.0000,0.0000,0.0000,0 B
V3_ResponseBeforeWait,DefaultJob,False,Default,Default,Default,Default,Default,Default,1111111111111111,Empty,RyuJit,Default,X64,8c5e7fda-e8bf-4a96-9a85-a6e23a8c635c,.NET 8.0,False,True,False,True,Default,Default,False,False,False,Default,Default,Default,Default,Default,Default,Default,Default,Default,Default,Default,Default,Default,Default,Default,Default,Default,16,Default,100,16,"7,261.04 ns",150.538 ns,429.494 ns,"7,166.52 ns",0.0000,0.0000,0.0000,0.0000,0.0000,0 B
V4_ResponseBeforeWait,DefaultJob,False,Default,Default,Default,Default,Default,Default,1111111111111111,Empty,RyuJit,Default,X64,8c5e7fda-e8bf-4a96-9a85-a6e23a8c635c,.NET 8.0,False,True,False,True,Default,Default,False,False,False,Default,Default,Default,Default,Default,Default,Default,Default,Default,Default,Default,Default,Default,Default,Default,Default,Default,16,Default,100,16,"9,009.91 ns",290.552 ns,809.941 ns,"8,962.55 ns",0.0000,0.0000,0.0000,0.0000,0.0000,0 B
V1_Timeouts,DefaultJob,False,Default,Default,Default,Default,Default,Default,1111111111111111,Empty,RyuJit,Default,X64,8c5e7fda-e8bf-4a96-9a85-a6e23a8c635c,.NET 8.0,False,True,False,True,Default,Default,False,False,False,Default,Default,Default,Default,Default,Default,Default,Default,Default,Default,Default,Default,Default,Default,Default,Default,Default,16,Default,100,16,"1,539,485,353.33 ns","6,933,089.857 ns","6,485,216.554 ns","1,540,515,300.00 ns",0.0000,0.0000,0.0000,0.0000,0.0000,45408 B
V2_Timeouts,DefaultJob,False,Default,Default,Default,Default,Default,Default,1111111111111111,Empty,RyuJit,Default,X64,8c5e7fda-e8bf-4a96-9a85-a6e23a8c635c,.NET 8.0,False,True,False,True,Default,Default,False,False,False,Default,Default,Default,Default,Default,Default,Default,Default,Default,Default,Default,Default,Default,Default,Default,Default,Default,16,Default,100,16,"1,541,457,106.67 ns","5,837,766.261 ns","5,460,650.182 ns","1,542,523,400.00 ns",0.0000,0.0000,0.0000,0.0000,0.0000,45408 B
V3_Timeouts,DefaultJob,False,Default,Default,Default,Default,Default,Default,1111111111111111,Empty,RyuJit,Default,X64,8c5e7fda-e8bf-4a96-9a85-a6e23a8c635c,.NET 8.0,False,True,False,True,Default,Default,False,False,False,Default,Default,Default,Default,Default,Default,Default,Default,Default,Default,Default,Default,Default,Default,Default,Default,Default,16,Default,100,16,"1,542,962,173.33 ns","3,662,148.438 ns","3,425,575.921 ns","1,542,107,700.00 ns",0.0000,0.0000,0.0000,0.0000,0.0000,45408 B
V4_Timeouts,DefaultJob,False,Default,Default,Default,Default,Default,Default,1111111111111111,Empty,RyuJit,Default,X64,8c5e7fda-e8bf-4a96-9a85-a6e23a8c635c,.NET 8.0,False,True,False,True,Default,Default,False,False,False,Default,Default,Default,Default,Default,Default,Default,Default,Default,Default,Default,Default,Default,Default,Default,Default,Default,16,Default,100,16,"1,543,314,253.33 ns","6,706,336.806 ns","6,273,111.609 ns","1,542,958,900.00 ns",0.0000,0.0000,0.0000,0.0000,0.0000,45408 B
